char_freq_;,char_freq_(,char_freq_[,char_freq_!,char_freq_$,char_freq_#,capital_run_length_average,capital_run_length_longest,capital_run_length_total,word_freq_our,word_freq_over,word_freq_remove,word_freq_internet,word_freq_order,word_freq_mail,word_freq_receive,word_freq_will,word_freq_people,word_freq_report,word_freq_money,word_freq_mail,word_freq_email,word_freq_free,word_freq_free,word_freq_your,spam
0.0,2.639751552795031,0.0,0.0,0.0,0.0,0.44180874722016306,1.6142735768903993,2.3441966838193253,56.25,0.0,0.0,21.34387351778656,0.0,22.453222453222455,0.0,0.0,0.0,0.0,0.0,22.453222453222455,0.0,0.0,0.0,5.9405940594059405,1
0.0,17.857142857142858,0.0,0.0,0.0,0.0,0.493995552260934,0.5097706032285472,1.5723270440251573,0.0,0.0,0.0,0.0,0.0,0.0,0.0,26.00780234070221,0.0,0.0,0.0,0.0,0.0,0.0,0.0,11.001100110011,0
0.0,0.0,0.0,0.0,19.428571428571427,0.0,1.5362490733876946,2.1240441801189465,1.6295025728987995,0.0,0.0,0.0,0.0,0.0,0.0,0.0,16.644993498049413,0.0,0.0,19.21921921921922,0.0,0.0,0.0,0.0,70.51705170517052,1
0.0,4.244306418219462,0.0,0.4600874166091558,0.0,0.0,0.4421052631578947,0.9345794392523366,7.632933104631218,3.125,13.297872340425533,0.0,0.0,0.0,0.0,0.0,3.250975292587776,0.0,0.0,0.0,0.0,1.8018018018018018,0.0,0.0,4.18041804180418,0
0.0,15.217391304347824,0.0,0.0,0.0,0.0,0.37064492216456635,0.16992353440951571,0.42881646655231553,0.0,0.0,0.0,0.0,0.0,0.0,0.0,0.0,0.0,0.0,0.0,0.0,0.0,0.0,0.0,0.0,0
1.4655369819097779,13.354037267080747,0.0,2.967563837129055,18.38095238095238,0.0,2.152112676056338,6.032285471537808,17.638650657518582,5.729166666666668,11.702127659574469,0.0,0.0,43.225806451612904,9.355509355509357,11.0,11.703511053315994,0.0,0.0,3.303303303303303,9.355509355509357,0.0,2.1653543307086616,2.1653543307086616,12.32123212321232,1
0.0,0.0,0.0,3.9107430411778243,16.19047619047619,0.0,1.8579688658265383,3.4834324553950724,2.687249857061178,0.0,0.0,0.0,0.0,0.0,0.0,0.0,0.0,0.0,0.0,0.0,0.0,27.177177177177178,8.858267716535433,8.858267716535433,29.92299229922993,1
0.0,5.124223602484473,0.0,0.3680699332873246,6.285714285714286,0.0,0.6238695329873981,2.463891248937978,10.891938250428815,5.46875,5.319148936170212,2.202643171806167,20.948616600790515,6.451612903225806,4.365904365904366,0.0,8.322496749024706,0.0,0.0,0.0,4.365904365904366,0.0,0.0,0.0,0.0,1
0.0,5.434782608695652,0.0,0.0,4.9523809523809526,0.0,0.6419570051890289,1.6992353440951569,12.750142938822185,6.770833333333334,0.0,0.0,25.691699604743086,8.387096774193548,0.0,0.0,10.143042912873861,13.612565445026178,0.0,0.0,0.0,0.0,0.0,0.0,0.0,0
0.0,0.0,0.0,9.155739590522199,0.0,0.0,0.7783543365455893,1.6142735768903993,3.6020583190394513,0.0,0.0,13.876651982378855,24.90118577075099,40.64516129032258,0.0,0.0,8.192457737321195,0.0,0.0,0.0,0.0,9.45945945945946,12.401574803149606,12.401574803149606,0.0,1
0.0,0.0,0.0,0.0,0.0,0.0,0.2965159377316531,0.08496176720475786,0.22870211549456834,0.0,0.0,0.0,0.0,0.0,0.0,0.0,0.0,0.0,0.0,0.0,0.0,0.0,0.0,0.0,0.0,0
100.0,0.0,0.0,1.7023234414538766,0.0,4.509101987965573,2.1610081541882873,3.6533559898045884,9.376786735277301,11.458333333333336,0.0,0.0,0.0,0.0,9.147609147609149,0.0,5.721716514954486,0.0,0.0,0.0,9.147609147609149,0.0,0.0,0.0,0.0,0
0.0,0.0,0.0,6.280193236714976,0.0,0.0,1.704966641957005,2.1240441801189465,1.9725557461406518,0.0,0.0,0.0,0.0,0.0,0.0,0.0,0.0,0.0,0.0,0.0,0.0,0.0,30.216535433070867,30.216535433070867,0.0,1
0.0,0.0,0.0,23.188405797101453,5.6190476190476195,0.0,87.47220163083766,100.0,33.73356203544883,29.687499999999996,0.0,0.0,0.0,24.516129032258064,7.9002079002079,0.0,0.0,0.0,0.0,0.0,7.9002079002079,0.0,0.0,0.0,0.0,1
2.221204488207007,11.490683229813664,0.0,10.213940648723257,23.80952380952381,0.8454566227435447,0.9304670126019274,4.587935429056924,26.558033161806748,6.770833333333334,22.872340425531917,1.7621145374449338,44.26877470355732,27.741935483870964,30.561330561330564,13.0,8.972691807542262,8.900523560209425,1.680672268907563,3.903903903903904,30.561330561330564,0.0,8.464566929133857,8.464566929133857,15.291529152915292,1
0.0,0.0,100.0,0.0,0.0,0.0,0.680207561156412,0.6796941376380629,1.1149228130360205,0.0,0.0,0.0,0.0,0.0,0.0,0.0,23.5370611183355,0.0,0.0,0.0,0.0,0.0,0.0,0.0,0.0,0
0.0,5.693581780538302,0.0,11.272141706924318,15.047619047619047,0.11425089496534388,2.535211267605634,56.83942225998301,38.62206975414522,20.833333333333336,42.553191489361694,11.013215859030836,0.0,51.61290322580645,2.079002079002079,15.0,9.102730819245773,15.706806282722514,0.0,1.5015015015015016,2.079002079002079,16.666666666666668,0.984251968503937,0.984251968503937,7.700770077007701,1
0.0,12.318840579710148,0.0,5.475040257648954,0.0,0.0,0.5930318754633062,0.6796941376380629,1.4293882218410523,0.0,0.0,0.0,0.0,0.0,0.0,0.0,19.375812743823147,0.0,0.0,0.0,0.0,0.0,0.0,0.0,0.0,0
0.0,0.0,0.0,0.0,0.0,0.0,0.2965159377316531,0.08496176720475786,0.1429388221841052,0.0,0.0,0.0,0.0,0.0,0.0,0.0,0.0,0.0,0.0,0.0,0.0,0.0,0.0,0.0,0.0,0
0.0,0.0,0.0,0.0,0.0,0.0,1.0378057820607858,1.274426508071368,1.400800457404231,0.0,100.0,0.0,0.0,0.0,0.0,0.0,0.0,0.0,0.0,0.0,0.0,0.0,0.0,0.0,0.0,1
0.0,6.573498964803313,0.0,1.173222912353347,3.6190476190476186,0.0,0.5449962935507784,2.0390824129141887,17.29559748427673,4.427083333333334,0.0,0.0,6.719367588932807,5.161290322580645,0.0,4.0,3.250975292587776,0.0,0.0,0.0,0.0,0.0,0.7874015748031495,0.7874015748031495,6.600660066006601,0
0.0,0.0,0.0,13.64159190246147,20.666666666666664,0.2970523269098941,3.3989621942179387,44.60492778249787,31.789594053745,0.0,42.553191489361694,0.0,31.620553359683797,51.61290322580645,24.94802494802495,0.0,10.403120936280883,20.942408376963353,0.0,13.963963963963966,24.94802494802495,33.93393393393393,0.0,0.0,11.66116611661166,1
0.13739409205404168,4.658385093167702,0.0,7.453416149068323,46.285714285714285,0.9597075177088886,1.8117123795404,9.855564995751912,63.40766152086907,3.90625,1.5957446808510638,0.0,13.833992094861662,37.41935483870967,13.721413721413722,15.5,9.102730819245773,32.460732984293195,26.89075630252101,6.906906906906908,13.721413721413722,0.0,2.263779527559055,2.263779527559055,14.961496149614964,1
0.0,0.0,0.0,0.0,0.0,0.0,2.0756115641215716,1.4443500424808835,1.0005717552887363,0.0,0.0,0.0,0.0,0.0,0.0,0.0,0.0,0.0,0.0,0.0,0.0,0.0,0.0,0.0,0.0,0
3.8928326081978475,26.449275362318843,10.01177856301531,11.755233494363932,0.0,0.0,1.3690140845070422,2.293967714528462,6.203544882790166,0.0,0.0,0.0,26.48221343873518,0.0,13.92931392931393,0.0,0.0,0.0,0.0,0.0,13.92931392931393,0.0,0.0,0.0,0.0,1
6.4804213418823,5.538302277432711,0.0,0.0,5.0476190476190474,0.0,0.5527057079318014,2.7187765505522514,26.014865637507146,0.0,2.659574468085106,0.0,13.438735177865613,0.0,0.0,5.5,10.533159947984394,2.617801047120419,2.3109243697478994,0.0,0.0,0.0,0.0,0.0,0.0,0
0.0,9.265010351966874,0.0,19.484702093397747,7.333333333333332,0.0,0.9544848035581911,9.685641461342396,14.2652944539737,25.78125,0.0,10.79295154185022,39.130434782608695,0.0,4.98960498960499,0.0,6.371911573472041,0.0,0.0,7.357357357357357,4.98960498960499,11.11111111111111,4.822834645669292,4.822834645669292,10.891089108910892,1
1.0533547057476527,7.712215320910973,0.5889281507656066,0.322061191626409,0.0,0.015233452662045852,0.6968124536693847,3.9082412914188613,85.93481989708405,6.510416666666668,4.25531914893617,0.0,3.16205533596838,1.2903225806451613,2.494802494802495,0.0,3.5110533159947983,0.0,0.0,0.0,2.494802494802495,3.453453453453454,0.0,0.0,0.66006600660066,0
0.0,3.260869565217391,0.0,0.8741660915573959,0.0,0.0,0.4922164566345441,1.6992353440951569,18.467695826186393,2.0833333333333335,4.25531914893617,0.0,3.16205533596838,5.161290322580645,1.6632016632016633,8.5,2.2106631989596877,4.18848167539267,0.0,0.0,1.6632016632016633,0.0,0.7874015748031495,0.7874015748031495,12.541254125412541,0
0.0,6.625258799171843,0.0,14.147688060731541,2.380952380952381,0.0,0.40830244625648626,1.1045029736618521,5.317324185248713,32.03125,32.4468085106383,0.0,24.110671936758894,0.0,3.118503118503119,0.0,3.9011703511053315,0.0,0.0,4.504504504504505,3.118503118503119,34.83483483483483,2.952755905511811,2.952755905511811,11.881188118811881,1
0.0,0.0,0.0,0.0,0.0,0.0,0.4744255003706449,0.33984706881903143,0.22870211549456834,0.0,0.0,0.0,0.0,0.0,0.0,0.0,0.0,0.0,0.0,0.0,0.0,0.0,0.0,0.0,0.0,0
6.892603618044424,2.2256728778467907,5.064782096584216,0.0,8.19047619047619,0.0,0.6407709414381023,1.6142735768903993,6.489422527158377,15.885416666666668,0.0,0.0,0.0,0.0,0.0,0.0,0.0,0.0,0.0,0.0,0.0,0.0,0.0,0.0,3.3003300330033003,0
0.0,2.380952380952381,40.164899882214364,0.0,0.0,0.2361185162617107,1.308524833209785,2.37892948173322,39.99428244711264,0.0,0.0,0.0,0.0,0.0,0.0,0.0,0.0,0.0,0.0,0.0,0.0,0.0,0.0,0.0,0.0,0
0.0,3.3643892339544514,7.656065959952886,6.004140786749485,6.190476190476191,0.0,0.8569310600444774,4.672897196261682,4.545454545454546,10.15625,20.74468085106383,0.0,0.0,0.0,0.0,0.0,0.0,20.418848167539267,0.0,5.8558558558558556,0.0,5.8558558558558556,3.838582677165354,3.838582677165354,8.58085808580858,0
0.0,9.057971014492754,0.0,7.0623418449505415,16.666666666666664,0.10663416863432093,2.0569310600444775,56.83942225998301,34.705546026300745,5.208333333333334,47.87234042553192,4.405286343612334,19.762845849802375,51.61290322580645,16.632016632016633,10.0,10.403120936280883,0.0,0.0,3.0030030030030033,16.632016632016633,24.024024024024026,0.0,0.0,11.001100110011,1
1.9006182734142434,8.643892339544513,3.886925795053004,0.0,3.142857142857143,0.0,0.9521126760563381,2.7187765505522514,13.865065751858205,3.125,0.0,0.0,0.0,71.61290322580646,0.0,0.0,4.8114434330299085,0.0,0.0,0.0,0.0,0.0,0.0,0.0,2.64026402640264,0
0.0,0.0,0.0,2.875546353807224,0.0,0.0,0.37064492216456635,0.4248088360237892,1.1435105774728416,0.0,0.0,0.0,0.0,0.0,0.0,0.0,0.0,34.031413612565444,0.0,0.0,0.0,0.0,0.0,0.0,7.150715071507151,0
47.01167849782459,100.0,7.067137809187278,0.0,0.0,0.0,1.8126019273535952,1.6992353440951569,16.952544311034877,0.0,0.0,0.0,0.0,0.0,0.0,0.0,5.201560468140442,0.0,0.0,0.0,0.0,0.0,0.0,0.0,4.400440044004401,0
0.0,7.298136645962732,0.0,9.77685760294456,13.428571428571423,0.0,41.51223128243143,23.704333050127442,8.00457404230989,0.0,0.0,64.75770925110132,58.102766798418976,94.83870967741933,30.561330561330564,73.5,0.0,0.0,0.0,0.0,30.561330561330564,0.0,0.0,0.0,48.51485148514852,1
0.0,0.0,0.0,0.0,0.0,0.0,0.5337286879169756,0.5097706032285472,0.5145797598627787,0.0,0.0,0.0,0.0,0.0,0.0,0.0,0.0,0.0,0.0,0.0,0.0,0.0,0.0,0.0,0.0,0
0.2518891687657431,1.1387163561076605,0.0,0.0,2.0952380952380953,0.0,0.42194217939214235,1.6992353440951569,27.587192681532304,6.510416666666668,10.638297872340424,0.0,0.790513833992095,9.67741935483871,0.0,0.0,3.250975292587776,13.089005235602095,1.470588235294118,0.3003003003003003,0.0,0.0,0.4921259842519685,0.4921259842519685,0.22002200220022006,1
0.0,0.0,0.0,13.365539452495975,0.0,0.0,0.4788732394366197,0.33984706881903143,0.6003430531732419,0.0,0.0,0.0,0.0,0.0,0.0,0.0,100.0,0.0,0.0,0.0,0.0,0.0,0.0,0.0,0.0,0
0.0,4.917184265010352,0.0,17.276282493673797,24.285714285714285,0.723589001447178,1.2343958487768718,7.1367884451996595,20.354488279016582,2.0833333333333335,12.76595744680851,0.0,3.16205533596838,0.0,10.187110187110187,4.0,7.412223667100129,47.12041884816754,0.0,17.117117117117115,10.187110187110187,4.804804804804805,0.0,0.0,12.541254125412541,1
0.0,7.712215320910973,0.0,3.4276512537382104,0.0,0.0,0.43943661971830983,0.8496176720475784,1.2292738707833049,0.0,0.0,0.0,0.0,0.0,0.0,0.0,10.273081924577372,0.0,0.0,0.0,0.0,0.0,0.0,0.0,0.0,0
0.0,15.476190476190476,0.0,0.0,0.0,1.515728539873562,0.7309117865085248,2.37892948173322,3.03030303030303,0.0,0.0,0.0,0.0,0.0,0.0,0.0,0.0,0.0,37.81512605042017,0.0,0.0,0.0,0.0,0.0,0.0,1
0.0,35.14492753623189,0.0,0.0,0.0,0.0,0.4851000741289845,0.5097706032285472,2.058319039451115,0.0,0.0,0.0,0.0,0.0,0.0,0.0,8.71261378413524,0.0,0.0,0.0,0.0,0.0,0.0,0.0,22.22222222222222,0
0.0,10.248447204968945,0.0,0.0,0.0,0.0,0.4652335063009637,0.594732370433305,3.2304173813607777,0.0,43.61702127659575,0.0,0.0,0.0,0.0,0.0,15.99479843953186,0.0,0.0,0.0,0.0,0.0,0.0,0.0,0.0,0
0.0,23.136645962732917,0.0,2.80653324131585,27.14285714285714,0.0,1.1012601927353594,1.6142735768903993,8.176100628930818,0.0,0.0,0.0,0.0,0.0,0.0,12.0,9.362808842652795,12.565445026178011,0.0,0.0,0.0,0.0,0.0,0.0,23.762376237623762,0
0.0,0.0,0.0,16.195077064642284,0.0,0.0,0.2965159377316531,0.08496176720475786,0.2858776443682104,0.0,0.0,0.0,0.0,0.0,0.0,0.0,0.0,0.0,0.0,0.0,0.0,0.0,0.0,0.0,0.0,0
0.0,6.832298136645964,0.0,12.215320910973087,0.0,0.0,0.859896219421794,2.37892948173322,2.4871355060034306,0.0,0.0,0.0,0.0,58.70967741935484,0.0,0.0,0.0,0.0,0.0,0.0,0.0,0.0,0.0,0.0,30.253025302530254,1
2.198305472864667,12.111801242236025,0.0,8.235564757303887,24.857142857142858,0.8378398964125218,1.055596738324685,4.587935429056924,27.9874213836478,6.770833333333334,13.829787234042554,1.7621145374449338,41.10671936758894,33.54838709677419,32.432432432432435,13.0,8.972691807542262,8.900523560209425,1.680672268907563,5.105105105105105,32.432432432432435,0.0,8.464566929133857,8.464566929133857,14.301430143014302,1
0.0,0.0,0.0,0.0,0.0,0.0,0.493995552260934,0.4248088360237892,0.5717552887364208,0.0,0.0,0.0,0.0,0.0,0.0,0.0,0.0,0.0,0.0,0.0,0.0,0.0,0.0,0.0,0.0,0
0.0,0.0,0.0,0.0,18.857142857142858,0.0,1.2542624166048926,2.1240441801189465,1.5723270440251573,0.0,0.0,0.0,0.0,0.0,0.0,0.0,16.775032509752926,0.0,0.0,19.36936936936937,0.0,0.0,0.0,0.0,57.0957095709571,1
0.0,0.0,0.0,0.0,0.0,0.0,0.2965159377316531,0.08496176720475786,0.17152658662092624,0.0,0.0,0.0,0.0,0.0,0.0,0.0,0.0,0.0,0.0,0.0,0.0,0.0,0.0,0.0,0.0,0
0.0,4.761904761904762,0.0,7.453416149068323,0.0,0.0,2.1850259451445515,4.4180118946474085,9.691252144082332,41.92708333333334,0.0,23.568281938325992,10.276679841897234,16.774193548387096,0.0,0.0,10.403120936280883,0.0,0.0,3.903903903903904,0.0,24.174174174174173,0.0,0.0,14.741474147414742,1
0.3434852301351042,7.039337474120083,1.7667844522968195,0.0,1.4285714285714286,0.0,0.4851000741289845,1.5293118096856415,15.065751858204687,2.604166666666667,5.319148936170212,0.0,15.810276679841898,0.0,0.0,5.0,10.403120936280883,0.0,0.0,0.0,0.0,1.5015015015015016,0.0,0.0,0.0,0
0.0,15.734989648033126,0.0,0.0,34.76190476190476,0.0,0.8942920681986657,0.8496176720475784,5.345911949685535,0.0,0.0,0.0,0.0,0.0,0.0,0.0,0.0,25.130890052356023,0.0,0.0,0.0,0.0,0.0,0.0,0.0,0
0.0,0.0,31.095406360424032,23.234414538762373,37.80952380952381,0.25135196892375655,0.9485544848035581,4.75785896346644,29.817038307604342,15.885416666666668,15.95744680851064,8.810572687224669,3.9525691699604746,91.61290322580643,16.839916839916842,5.0,6.501950585175552,0.0,0.0,4.504504504504505,16.839916839916842,16.666666666666668,0.984251968503937,0.984251968503937,22.332233223322326,1
0.0,25.5175983436853,23.2037691401649,9.063722107200368,0.0,3.0009901744230323,1.0487768717568569,1.869158878504673,6.775300171526586,0.0,0.0,0.0,0.0,0.0,23.284823284823286,0.0,0.0,0.0,0.0,0.0,23.284823284823286,0.0,0.0,0.0,6.16061606160616,1
0.0,5.434782608695652,0.0,0.0,10.0,0.7997562647574071,0.7575982209043737,1.0195412064570943,1.9725557461406518,0.0,0.0,0.0,0.0,0.0,0.0,0.0,0.0,0.0,0.0,0.0,0.0,0.0,0.0,0.0,8.140814081408141,0
0.0,13.768115942028988,0.0,14.285714285714288,76.0952380952381,0.6702719171300175,10.86493699036323,12.574341546304163,14.665523156089193,12.239583333333336,25.0,10.352422907488986,0.0,0.0,49.48024948024948,0.0,12.35370611183355,24.60732984293194,0.0,0.0,49.48024948024948,0.0,0.0,0.0,0.0,1
0.0,5.175983436853003,0.0,0.0,0.0,0.0,0.7679762787249814,5.862361937128293,11.034877072612922,0.0,0.0,0.0,0.0,0.0,0.0,0.0,4.161248374512353,0.0,0.0,0.0,0.0,9.75975975975976,0.0,0.0,0.0,0
0.0,0.0,0.0,0.0,0.0,0.0,0.4465530022238695,0.9345794392523366,3.2304173813607777,0.0,0.0,0.0,0.0,0.0,0.0,0.0,0.0,0.0,0.0,0.0,0.0,0.0,0.0,0.0,0.0,0
0.0,4.917184265010352,0.0,3.634690591212331,6.0,0.0,0.5930318754633062,2.6338147833474936,4.459691252144082,0.0,54.25531914893618,0.0,7.905138339920949,25.806451612903224,12.681912681912683,0.0,29.258777633289984,0.0,0.0,3.0030030030030033,12.681912681912683,0.0,0.0,0.0,11.221122112211221,1
0.8243645523242502,7.608695652173912,0.0,3.3816425120772946,0.0,0.0,0.7670867309117866,4.672897196261682,8.061749571183533,0.0,0.0,0.0,0.0,0.0,0.0,0.0,3.120936280884265,0.0,0.0,0.0,0.0,7.357357357357357,4.822834645669292,4.822834645669292,13.531353135313532,0
0.0,0.0,0.0,0.0,0.0,0.0,0.2965159377316531,0.08496176720475786,0.20011435105774728,0.0,0.0,0.0,0.0,0.0,0.0,0.0,0.0,0.0,0.0,0.0,0.0,0.0,0.0,0.0,0.0,0
0.0,0.0,0.0,0.0,0.0,3.0086069007540557,0.6917716827279466,0.6796941376380629,3.401943967981704,0.0,0.0,0.0,0.0,0.0,0.0,0.0,0.0,0.0,0.0,0.0,0.0,0.0,0.0,0.0,0.0,0
3.7325395008014657,11.801242236024846,3.769140164899882,0.0,2.0,0.0,0.8984432913269089,3.8232795242141036,20.182961692395654,1.822916666666667,3.72340425531915,0.0,0.0,47.74193548387097,0.0,0.0,2.860858257477243,0.0,1.470588235294118,0.0,0.0,1.0510510510510511,0.0,0.0,2.42024202420242,0
0.0,5.745341614906832,0.0,11.295146077754772,15.047619047619047,0.11425089496534388,2.535211267605634,56.83942225998301,38.62206975414522,20.833333333333336,42.553191489361694,11.013215859030836,0.0,51.61290322580645,2.079002079002079,15.0,9.102730819245773,15.706806282722514,0.0,1.5015015015015016,2.079002079002079,16.666666666666668,0.984251968503937,0.984251968503937,7.700770077007701,1
0.0,9.627329192546584,0.0,4.278812974465149,17.714285714285715,0.0,1.1860637509266123,1.9541206457094307,2.4013722126929675,0.0,0.0,0.0,100.0,0.0,0.0,0.0,0.0,0.0,0.0,0.0,0.0,0.0,0.0,0.0,0.0,1
0.0,3.8302277432712217,35.10011778563015,0.0,0.0,0.5636377484956966,1.2655300222386952,2.37892948173322,8.176100628930818,0.0,0.0,0.0,0.0,0.0,0.0,0.0,0.0,0.0,0.0,0.0,0.0,0.0,0.0,0.0,0.0,0
0.0,0.0,0.0,0.0,0.0,0.0,0.2965159377316531,0.08496176720475786,0.08576329331046312,0.0,0.0,0.0,0.0,0.0,0.0,0.0,0.0,0.0,0.0,0.0,0.0,0.0,0.0,0.0,0.0,0
0.0,4.037267080745342,0.0,9.960892569588221,41.23809523809523,0.0,0.7237954040029652,1.6142735768903993,7.1183533447684395,19.791666666666668,0.0,11.013215859030836,19.762845849802375,0.0,20.997920997921,0.0,3.250975292587776,79.58115183246073,0.0,0.0,20.997920997921,22.822822822822822,0.0,0.0,16.72167216721672,1
3.32035722463934,11.231884057971012,0.0,0.0,0.0,0.0,0.4409191994069681,0.6796941376380629,1.7438536306460835,21.875,0.0,0.0,0.0,0.0,0.0,0.0,21.846553966189855,0.0,0.0,0.0,0.0,6.306306306306306,4.133858267716535,4.133858267716535,4.62046204620462,0
0.0,2.380952380952381,0.0,3.2206119162640907,0.0,1.0663416863432098,1.4505559673832464,11.809685641461343,7.833047455688966,7.552083333333332,15.425531914893616,6.387665198237885,11.462450592885375,0.0,0.0,28.999999999999996,11.31339401820546,0.0,0.0,8.708708708708707,0.0,4.354354354354354,8.562992125984252,8.562992125984252,31.903190319031907,1
0.2289901534234028,2.5879917184265016,0.0,0.2300437083045779,15.428571428571427,0.0,0.5319495922905856,1.0195412064570943,12.978845054316754,37.76041666666667,18.085106382978726,1.1013215859030836,1.9762845849802373,3.225806451612903,1.0395010395010396,2.5,6.762028608582574,15.183246073298427,1.050420168067227,0.7507507507507508,1.0395010395010396,0.7507507507507508,0.0,0.0,11.44114411441144,1
0.0,0.0,0.0,0.0,0.0,0.0,0.2965159377316531,0.08496176720475786,0.1429388221841052,0.0,0.0,0.0,0.0,0.0,0.0,0.0,0.0,0.0,0.0,0.0,0.0,0.0,0.0,0.0,0.0,0
0.0,0.0,0.0,0.0,0.0,0.0,0.2965159377316531,0.08496176720475786,0.1429388221841052,0.0,0.0,0.0,0.0,0.0,0.0,0.0,0.0,0.0,0.0,0.0,0.0,0.0,0.0,0.0,0.0,0
0.0,0.0,0.0,74.18909592822637,0.0,0.0,0.2965159377316531,0.08496176720475786,0.11435105774728417,0.0,0.0,0.0,0.0,0.0,0.0,0.0,0.0,0.0,0.0,0.0,0.0,0.0,0.0,0.0,0.0,0
2.633386764369132,8.954451345755695,4.829210836277973,0.0,1.5238095238095237,0.0,0.8459599703484063,3.9932030586236196,25.61463693539165,0.0,0.0,0.0,0.0,34.193548387096776,0.0,0.0,2.9908972691807545,0.0,0.0,0.0,0.0,0.7507507507507508,0.0,0.0,1.8701870187018705,0
0.0,1.8633540372670812,0.0,0.8281573498964805,17.523809523809522,0.0,0.6748702742772423,5.607476635514018,7.289879931389366,18.75,25.53191489361702,0.0,0.0,15.483870967741934,0.0,24.0,3.120936280884265,0.0,0.0,3.6036036036036037,0.0,3.6036036036036037,4.724409448818897,4.724409448818897,15.951595159515954,1
1.0075566750629723,3.053830227743271,0.0,13.595583160800551,0.0,0.0,0.9725722757598221,2.6338147833474936,22.041166380789022,9.895833333333334,0.0,0.0,3.5573122529644277,0.0,3.95010395010395,19.0,2.47074122236671,0.0,0.0,0.0,3.95010395010395,0.0,6.496062992125984,6.496062992125984,15.621562156215623,1
1.2136478131440347,13.716356107660456,0.0,0.0,0.0,0.0,0.45752409191994076,1.1045029736618521,2.5157232704402515,47.13541666666667,0.0,0.0,0.0,0.0,7.484407484407485,0.0,4.6814044213263974,0.0,0.0,0.0,7.484407484407485,0.0,0.0,0.0,3.9603960396039604,1
6.984199679413786,31.625258799171846,0.0,35.17368299976996,0.0,0.0,1.630837657524092,1.869158878504673,1.8867924528301887,0.0,0.0,0.0,0.0,0.0,0.0,0.0,0.0,0.0,0.0,0.0,0.0,0.0,0.0,0.0,0.0,1
0.0,0.0,0.0,2.5534851621808143,0.0,0.0,0.6324684951816161,0.594732370433305,0.9148084619782734,52.08333333333334,0.0,0.0,26.086956521739136,0.0,0.0,0.0,26.00780234070221,69.63350785340315,0.0,0.0,0.0,100.0,0.0,0.0,14.631463146314632,1
0.0,0.0,0.0,0.0,0.0,0.0,1.745885841363973,2.463891248937978,1.515151515151515,0.0,0.0,0.0,0.0,0.0,0.0,100.0,26.00780234070221,0.0,0.0,0.0,0.0,0.0,0.0,0.0,88.008800880088,0
1.5342340279367987,3.4679089026915118,0.0,0.0,0.0,0.0,0.5871015567086731,5.0127442650807135,5.831903945111493,0.0,0.0,0.0,0.0,0.0,0.0,0.0,0.0,25.130890052356023,0.0,0.0,0.0,0.0,0.0,0.0,0.0,0
0.0,6.780538302277433,0.0,0.0,0.0,0.0,0.5159377316530763,0.9345794392523366,1.343624928530589,0.0,0.0,0.0,0.0,0.0,0.0,0.0,0.0,0.0,0.0,0.0,0.0,0.0,0.0,0.0,9.460946094609461,0
0.0,0.0,0.0,6.234184495054063,2.2857142857142856,0.37321959022012335,1.6928094885100073,12.659303313508921,28.073184676958263,8.333333333333334,0.0,3.5242290748898677,0.0,0.0,9.97920997920998,8.0,0.0,8.37696335078534,0.0,0.0,9.97920997920998,12.012012012012013,1.574803149606299,1.574803149606299,7.040704070407042,1
0.0,21.428571428571427,0.0,2.3694501955371523,0.0,0.0,0.5930318754633062,1.0195412064570943,2.687249857061178,0.0,0.0,0.0,0.0,0.0,0.0,0.0,7.542262678803641,0.0,0.0,0.0,0.0,0.0,0.0,0.0,0.0,0
0.0,6.314699792960663,0.0,0.0,0.0,0.0,0.5292809488510007,1.5293118096856415,2.144082332761578,0.0,0.0,0.0,0.0,0.0,0.0,0.0,28.348504551365412,0.0,0.0,0.0,0.0,0.0,0.0,0.0,0.0,0
0.0,5.797101449275362,0.0,24.062571888658848,3.523809523809524,0.0,1.1925871015567089,8.241291418861513,15.523156089193826,5.989583333333334,0.0,0.0,0.0,14.838709677419354,4.781704781704782,11.5,24.7074122236671,0.0,0.0,0.0,4.781704781704782,0.0,2.263779527559055,2.263779527559055,13.091309130913091,1
0.0,0.0,0.0,34.52956061651714,0.0,0.0,0.8234247590808006,5.182667799490229,5.717552887364209,11.71875,0.0,0.0,0.0,0.0,0.0,0.0,5.851755526657997,0.0,0.0,0.0,0.0,13.663663663663664,4.429133858267717,4.429133858267717,14.961496149614964,1
0.4350812915044653,21.428571428571427,0.0,0.09201748332183116,0.0,0.0,0.7095626389918458,3.3984706881903137,51.315037164093766,0.0,0.0,0.0,2.7667984189723325,0.0,2.9106029106029108,1.5,10.01300390117035,3.664921465968587,0.6302521008403361,0.0,2.9106029106029108,2.7027027027027026,0.0,0.0,2.75027502750275,0
0.0,36.43892339544514,0.0,0.0,0.0,0.0,0.42342475908080063,0.33984706881903143,0.2858776443682104,0.0,0.0,0.0,0.0,0.0,0.0,0.0,0.0,0.0,0.0,0.0,0.0,0.0,0.0,0.0,0.0,0
0.0,0.0,0.0,10.74304117782379,22.19047619047619,0.0,0.5473684210526316,1.0195412064570943,2.058319039451115,19.270833333333336,0.0,16.29955947136564,0.0,47.74193548387097,0.0,0.0,0.0,0.0,0.0,0.0,0.0,0.0,0.0,0.0,16.39163916391639,1
0.0,0.0,0.0,4.025764895330113,0.0,0.0,0.9266123054114158,1.274426508071368,1.4293882218410523,0.0,0.0,0.0,0.0,0.0,0.0,0.0,12.35370611183355,0.0,0.0,0.0,0.0,0.0,0.0,0.0,0.0,0
0.0,0.0,0.0,0.0,0.0,0.0,0.3558191252779837,0.2548853016142736,0.6861063464837049,0.0,0.0,0.0,0.0,0.0,0.0,0.0,0.0,0.0,0.0,0.0,0.0,0.0,0.0,0.0,26.402640264026402,0
0.0,0.0,0.0,0.0,0.0,0.0,0.41986656782802073,0.5097706032285472,1.943967981703831,0.0,0.0,0.0,0.0,0.0,0.0,0.0,13.914174252275682,0.0,0.0,0.0,0.0,0.0,0.0,0.0,0.0,0
1.1907487978016946,21.73913043478261,6.124852767962309,0.0,0.0,0.39606976921319215,0.7721275018532245,1.1045029736618521,7.14694110920526,0.0,0.0,0.0,0.0,21.93548387096774,14.137214137214139,0.0,13.263979193758127,0.0,0.0,0.0,14.137214137214139,0.0,0.0,0.0,7.480748074807482,0
0.0,8.592132505175984,0.0,0.0,0.0,0.0,0.6523350630096368,1.869158878504673,1.5723270440251573,0.0,0.0,0.0,0.0,0.0,0.0,0.0,31.209362808842652,0.0,0.0,0.0,0.0,0.0,0.0,0.0,0.0,0
0.0,27.225672877846797,0.0,0.0,0.0,0.0,0.4533728687916976,0.5097706032285472,0.743281875357347,0.0,0.0,0.0,0.0,0.0,0.0,0.0,0.0,0.0,0.0,0.0,0.0,0.0,0.0,0.0,0.0,0
0.0,2.277432712215321,0.0,7.7984817115251905,15.428571428571427,0.10663416863432093,1.2266864343958486,6.287170773152082,21.526586620926242,13.802083333333336,4.25531914893617,1.7621145374449338,3.16205533596838,62.58064516129032,12.889812889812891,4.0,14.954486345903769,4.18848167539267,14.705882352941178,22.52252252252252,12.889812889812891,0.0,3.4448818897637796,3.4448818897637796,24.312431243124312,1
0.0,22.4120082815735,0.0,0.0,7.428571428571428,0.0,0.5512231282431431,1.5293118096856415,3.03030303030303,0.0,14.361702127659576,0.0,0.0,0.0,0.0,0.0,0.0,28.272251308900525,0.0,0.0,0.0,0.0,0.0,0.0,5.9405940594059405,0
0.0,0.0,0.0,14.05567057740971,25.142857142857142,0.37321959022012335,1.1249814677538916,5.862361937128293,20.06861063464837,8.072916666666668,0.0,2.202643171806167,0.0,12.903225806451612,12.889812889812891,5.0,8.062418725617684,21.465968586387433,0.0,15.615615615615615,12.889812889812891,3.0030030030030033,0.984251968503937,0.984251968503937,18.26182618261826,1
7.442179986260591,0.0,0.0,0.0,0.0,0.0,0.2965159377316531,0.08496176720475786,0.40022870211549455,0.0,0.0,0.0,0.0,0.0,0.0,0.0,0.0,0.0,0.0,0.0,0.0,0.0,0.0,0.0,0.0,0
0.0,24.637681159420296,0.0,0.0,0.0,0.0,0.3810229799851742,0.2548853016142736,0.5145797598627787,0.0,0.0,0.0,0.0,0.0,0.0,0.0,0.0,0.0,0.0,0.0,0.0,0.0,0.0,0.0,0.0,0
0.0,6.469979296066253,7.302709069493521,0.0,5.904761904761905,0.0,0.46671608598962194,0.5097706032285472,2.4299599771297884,18.489583333333336,0.0,0.0,0.0,0.0,0.0,0.0,18.59557867360208,0.0,0.0,0.0,0.0,0.0,0.0,0.0,7.810781078107811,0
0.0,0.0,31.095406360424032,22.429261559696346,37.714285714285715,0.25135196892375655,0.9446997776130468,4.75785896346644,29.788450543167524,15.885416666666668,15.95744680851064,8.810572687224669,3.9525691699604746,91.61290322580643,16.839916839916842,5.0,6.501950585175552,0.0,0.0,4.504504504504505,16.839916839916842,16.666666666666668,0.984251968503937,0.984251968503937,22.332233223322326,1
0.0,0.0,0.0,0.0,19.80952380952381,0.0,1.2542624166048926,2.1240441801189465,1.5723270440251573,0.0,0.0,0.0,0.0,0.0,0.0,0.0,16.775032509752926,0.0,0.0,19.36936936936937,0.0,0.0,0.0,0.0,57.0957095709571,1
0.0,6.677018633540373,0.0,17.920404876926618,2.0,0.15995125295148144,0.7973313565604151,4.163126593033135,13.607775871926815,10.15625,0.0,8.590308370044053,5.138339920948617,0.0,5.405405405405406,0.0,10.143042912873861,13.612565445026178,0.0,5.8558558558558556,5.405405405405406,3.903903903903904,15.452755905511811,15.452755905511811,17.271727172717274,1
0.0,28.674948240165627,0.0,0.0,0.0,0.0,0.680207561156412,1.274426508071368,1.1149228130360205,0.0,0.0,0.0,0.0,0.0,0.0,0.0,0.0,0.0,0.0,0.0,0.0,0.0,0.0,0.0,0.0,0
1.396839935882757,23.91304347826087,7.184923439340399,0.0,0.0,0.0,0.7739065974796145,2.0390824129141887,8.80503144654088,5.208333333333334,0.0,0.0,0.0,0.0,0.0,0.0,13.003901170351105,10.471204188481677,0.0,0.0,0.0,3.0030030030030033,0.0,0.0,0.0,0
2.198305472864667,12.111801242236025,7.538280329799764,0.0,2.0,0.0,1.0724981467753891,3.5683942225998297,25.44311034877073,0.0,0.0,0.0,0.0,45.80645161290322,0.0,0.0,4.031209362808842,0.0,0.0,0.0,0.0,0.0,0.0,0.0,1.6501650165016502,0
0.0,0.0,0.0,0.0,0.0,0.0,0.5147516679021498,0.6796941376380629,0.9433962264150944,0.0,0.0,0.0,0.0,0.0,0.0,0.0,0.0,0.0,0.0,0.0,0.0,27.77777777777778,0.0,0.0,0.0,0
0.0,7.6604554865424435,8.716136631330977,0.0,0.0,0.0,0.7074870274277242,1.0195412064570943,6.003430531732419,0.0,0.0,0.0,0.0,0.0,0.0,0.0,0.0,0.0,0.0,0.0,0.0,0.0,0.0,0.0,2.64026402640264,0
0.0,4.399585921325052,7.184923439340399,8.971704623878537,9.238095238095237,0.09140071597227512,1.6587101556708672,10.110450297366185,44.62550028587764,35.9375,8.51063829787234,1.7621145374449338,0.0,15.483870967741934,1.6632016632016633,0.0,16.905071521456435,0.0,1.680672268907563,2.4024024024024024,1.6632016632016633,1.2012012012012012,4.724409448818897,4.724409448818897,8.030803080308031,1
0.0,24.4824016563147,0.0,65.4014262709915,0.0,0.0,0.3836916234247591,0.4248088360237892,0.6289308176100629,0.0,0.0,0.0,0.0,0.0,0.0,0.0,0.0,0.0,0.0,0.0,0.0,0.0,0.0,0.0,0.0,0
0.0,0.0,0.0,0.0,0.0,0.0,3.2812453669384727,6.202209005947323,4.745568896512292,24.21875,0.0,0.0,0.0,0.0,19.334719334719335,0.0,0.0,0.0,0.0,0.0,19.334719334719335,0.0,0.0,0.0,30.803080308030804,1
0.3434852301351042,7.091097308488612,0.0,1.403266620657925,0.0,0.0,1.0751667902149742,3.738317757009346,28.30188679245283,0.0,0.0,4.185022026431718,0.0,0.0,0.0,0.0,2.47074122236671,0.0,1.8907563025210086,0.0,0.0,1.3513513513513513,0.0,0.0,0.9900990099009901,1
0.0,0.0,0.0,0.0,0.0,0.0,0.2965159377316531,0.08496176720475786,0.17152658662092624,0.0,0.0,0.0,0.0,0.0,0.0,0.0,0.0,0.0,0.0,0.0,0.0,0.0,0.0,0.0,0.0,0
0.0,4.503105590062112,0.0,20.17483321831148,0.0,0.0,1.0081541882876204,5.182667799490229,5.345911949685535,13.802083333333336,0.0,0.0,0.0,0.0,0.0,0.0,6.8920676202860855,0.0,0.0,0.0,0.0,15.915915915915916,5.216535433070866,5.216535433070866,11.66116611661166,1
0.0,0.0,0.0,0.0,8.761904761904761,0.0,1.218977020014826,1.6992353440951569,6.346483704974271,30.46875,0.0,0.0,0.0,0.0,0.0,0.0,5.071521456436931,0.0,0.0,11.711711711711711,0.0,0.0,7.677165354330708,7.677165354330708,21.562156215621563,1
0.0,60.5072463768116,0.0,0.0,0.0,0.0,0.7510748702742772,1.7841971112999149,2.172670097198399,0.0,0.0,0.0,0.0,0.0,0.0,0.0,0.0,0.0,0.0,0.0,0.0,0.0,0.0,0.0,0.0,0
0.0,7.712215320910973,0.0,0.0,0.0,0.0,0.5633802816901409,1.274426508071368,1.6295025728987995,0.0,0.0,0.0,0.0,0.0,0.0,0.0,0.0,0.0,0.0,0.0,0.0,0.0,0.0,0.0,0.0,0
0.0,3.623188405797102,0.0,4.830917874396135,0.0,0.5331708431716049,1.3313565604151223,2.0390824129141887,6.546598056032019,31.51041666666667,0.0,17.621145374449338,0.0,0.0,16.632016632016633,20.0,10.403120936280883,20.942408376963353,0.0,0.0,16.632016632016633,0.0,15.846456692913385,15.846456692913385,13.31133113311331,1
0.13739409205404168,2.7950310559006213,0.0,15.596963423050381,100.0,1.2339096656257138,1.6747220163083765,13.08411214953271,88.16466552315609,1.822916666666667,11.17021276595745,0.0,5.533596837944665,31.612903225806452,7.276507276507277,8.5,9.622886866059817,29.319371727748695,31.092436974789916,11.561561561561561,7.276507276507277,0.45045045045045046,1.6732283464566928,1.6732283464566928,13.531353135313532,1
0.0,0.0,0.0,0.0,0.0,0.0,0.6603409933283914,0.9345794392523366,1.400800457404231,0.0,0.0,0.0,0.0,0.0,0.0,0.0,0.0,0.0,0.0,0.0,0.0,0.0,0.0,0.0,0.0,0
0.0,0.0,0.0,19.093627789279964,6.571428571428571,0.0,0.9532987398072647,3.6533559898045884,4.688393367638651,17.1875,0.0,0.0,0.0,0.0,0.0,0.0,8.582574772431729,0.0,0.0,19.81981981981982,0.0,0.0,0.0,0.0,58.1958195819582,1
7.854362262422716,0.0,0.0,3.933747412008282,0.0,0.0,0.3828020756115641,0.4248088360237892,0.8862206975414523,0.0,0.0,0.0,0.0,0.0,0.0,0.0,12.48374512353706,0.0,0.0,0.0,0.0,0.0,18.89763779527559,18.89763779527559,0.0,0
0.0,0.0,0.0,29.491603404646884,0.0,0.0,0.2965159377316531,0.08496176720475786,0.22870211549456834,0.0,0.0,0.0,0.0,0.0,0.0,0.0,0.0,0.0,0.0,0.0,0.0,0.0,0.0,0.0,0.0,0
0.0,0.0,0.0,0.0,0.0,0.0,0.4447739065974796,0.33984706881903143,0.25728987993138935,0.0,0.0,0.0,0.0,0.0,0.0,0.0,0.0,0.0,0.0,0.0,0.0,0.0,0.0,0.0,0.0,0
0.0,5.020703933747412,0.0,12.836438923395447,2.2857142857142856,0.0,0.4498146775389177,1.0195412064570943,6.203544882790166,30.46875,30.851063829787233,3.083700440528635,22.92490118577075,0.0,8.939708939708941,0.0,1.8205461638491551,0.0,0.0,4.354354354354354,8.939708939708941,30.780780780780777,2.8543307086614167,2.8543307086614167,11.221122112211221,1
0.0,11.853002070393375,0.0,0.0,0.0,0.0,0.6917716827279466,0.8496176720475784,1.400800457404231,38.802083333333336,0.0,0.0,0.0,0.0,0.0,0.0,0.0,0.0,0.0,0.0,0.0,0.0,0.0,0.0,0.0,0
0.0,0.0,0.0,4.669887278582931,0.0,8.256531342828852,2.52542624166049,6.117247238742566,13.636363636363637,11.71875,23.93617021276596,9.911894273127754,0.0,0.0,0.0,0.0,5.851755526657997,0.0,0.0,0.0,0.0,0.0,0.0,0.0,4.9504950495049505,1
0.0,19.20289855072464,8.716136631330977,1.7023234414538766,0.0,0.0,0.751371386212009,1.5293118096856415,5.288736420811892,0.0,0.0,0.0,0.0,0.0,0.0,0.0,12.48374512353706,0.0,0.0,0.0,0.0,0.0,0.0,0.0,5.28052805280528,0
0.0,14.233954451345758,10.718492343934038,8.442604094778009,0.0,0.0,0.6547071905114901,1.1045029736618521,3.03030303030303,0.0,0.0,0.0,0.0,0.0,0.0,0.0,0.0,0.0,0.0,0.0,0.0,0.0,0.0,0.0,0.0,0
0.0,0.0,0.0,12.353347135955834,0.0,0.0,0.8234247590808006,1.0195412064570943,0.7146941109205261,0.0,0.0,0.0,0.0,0.0,0.0,0.0,0.0,0.0,0.0,100.0,0.0,0.0,0.0,0.0,0.0,1
0.0,0.0,0.0,0.0,0.0,0.0,0.2965159377316531,0.08496176720475786,0.11435105774728417,0.0,0.0,0.0,0.0,0.0,0.0,0.0,0.0,0.0,0.0,0.0,0.0,0.0,0.0,0.0,0.0,0
0.0,1.9151138716356109,0.0,3.4276512537382104,0.0,0.0,2.96871756856931,21.325403568394222,22.61292166952544,0.0,0.0,0.0,0.0,0.0,0.0,0.0,3.120936280884265,0.0,0.0,0.0,0.0,0.0,0.0,0.0,0.0,0
0.0,0.0,0.0,0.0,0.0,0.0,0.2965159377316531,0.08496176720475786,0.1429388221841052,0.0,0.0,0.0,0.0,0.0,0.0,0.0,0.0,0.0,0.0,0.0,0.0,0.0,0.0,0.0,0.0,0
0.0,11.180124223602485,0.0,0.0,0.0,0.0,0.5693106004447739,0.5097706032285472,1.3722126929674099,0.0,0.0,0.0,0.0,0.0,0.0,0.0,41.222366710013006,0.0,0.0,0.0,0.0,0.0,0.0,0.0,0.0,0
2.633386764369132,11.438923395445135,13.545347467608952,0.0,1.619047619047619,0.0,0.8939955522609341,3.2285471537807986,38.4505431675243,0.0,3.1914893617021276,0.0,0.0,34.83870967741935,0.0,0.0,2.3407022106631987,0.0,2.5210084033613445,0.0,0.0,0.9009009009009009,0.0,0.0,1.9801980198019802,0
0.0,0.0,0.0,4.669887278582931,0.0,0.0,0.5799851742031134,0.8496176720475784,1.2864493996569468,100.0,0.0,0.0,50.59288537549408,0.0,0.0,0.0,16.644993498049413,0.0,0.0,0.0,0.0,0.0,0.0,0.0,14.081408140814084,1
0.0,4.6066252587991725,0.0,32.91925465838509,51.047619047619044,0.0,1.2127501853224611,1.9541206457094307,6.432246998284734,0.0,0.0,11.013215859030836,0.0,0.0,41.995841995842,75.5,19.63589076723017,0.0,0.0,15.165165165165165,41.995841995842,0.0,4.921259842519685,4.921259842519685,11.11111111111111,1
0.0,6.728778467908903,7.656065959952886,1.4952841039797564,0.0,7.944245563256911,0.8845070422535212,3.3984706881903137,5.117209834190966,0.0,0.0,0.0,0.0,0.0,0.0,0.0,0.0,0.0,0.0,0.0,0.0,0.0,0.0,0.0,9.460946094609461,0
0.36638424547744447,2.5879917184265016,0.0,0.0,1.5238095238095237,0.0,0.684655300222387,2.1240441801189465,12.149799885648942,0.0,0.0,0.0,14.22924901185771,0.0,2.494802494802495,0.0,14.174252275682706,6.282722513089006,0.0,1.8018018018018018,2.494802494802495,0.0,0.0,0.0,0.0,0
0.0,21.06625258799172,0.0,4.669887278582931,58.095238095238095,0.0,1.2255003706449221,1.4443500424808835,1.7724413950829045,0.0,0.0,0.0,0.0,0.0,0.0,0.0,0.0,0.0,0.0,0.0,0.0,0.0,0.0,0.0,0.0,1
0.0,11.904761904761905,0.0,1.311249137336094,21.904761904761905,0.0,1.5653076352853963,6.966864910790145,6.489422527158377,8.59375,0.0,7.2687224669603525,13.043478260869568,85.80645161290322,41.58004158004158,0.0,8.582574772431729,0.0,6.932773109243698,0.0,41.58004158004158,9.90990990990991,3.248031496062992,3.248031496062992,11.001100110011,1
0.0,0.0,0.0,0.0,0.0,0.0,0.3175685693106004,0.16992353440951571,0.42881646655231553,0.0,0.0,0.0,0.0,0.0,0.0,0.0,0.0,0.0,0.0,25.375375375375373,0.0,0.0,0.0,0.0,0.0,0
0.0,0.0,0.0,0.0,0.0,0.0,0.4447739065974796,0.594732370433305,0.9433962264150944,23.958333333333336,0.0,0.0,0.0,0.0,0.0,0.0,11.963589076723018,0.0,0.0,0.0,0.0,0.0,0.0,0.0,10.121012101210122,0
0.0,2.4327122153209113,0.0,0.0,0.0,0.3579861375580775,0.6618235730170496,1.0195412064570943,4.659805603201829,27.34375,0.0,0.0,0.0,0.0,0.0,0.0,0.0,0.0,0.0,0.0,0.0,0.0,0.0,0.0,30.913091309130913,0
0.0,14.389233954451349,0.0,1.2652403956751783,47.714285714285715,0.0,1.0404744255003706,7.731520815632965,5.317324185248713,41.40625,16.48936170212766,0.0,0.0,20.0,0.0,0.0,8.192457737321195,0.0,0.0,9.45945945945946,0.0,47.747747747747745,6.200787401574803,6.200787401574803,21.012101210121013,1
0.0,0.0,0.0,54.336323901541306,0.0,0.0,1.003409933283914,3.143585386576041,3.7735849056603774,0.0,0.0,0.0,0.0,0.0,13.92931392931393,0.0,0.0,0.0,0.0,0.0,13.92931392931393,0.0,0.0,0.0,14.851485148514852,1
0.0,2.846790890269151,6.478209658421672,0.0,0.0,0.0,0.663899184581171,1.4443500424808835,5.889079473985134,0.0,18.617021276595747,0.0,0.0,0.0,0.0,0.0,27.69830949284785,0.0,0.0,0.0,0.0,0.0,0.0,0.0,0.0,0
0.0,2.9503105590062115,0.0,11.962272831838051,27.523809523809522,1.0968085916673014,1.2839140103780577,7.1367884451996595,12.750142938822185,0.0,24.46808510638298,0.0,5.928853754940713,0.0,12.681912681912683,0.0,3.9011703511053315,56.02094240837697,0.0,18.46846846846847,12.681912681912683,0.0,0.0,0.0,10.121012101210122,1
0.0,0.0,0.0,0.0,0.0,0.0,0.5930318754633062,0.5097706032285472,0.6861063464837049,0.0,0.0,0.0,0.0,0.0,0.0,0.0,0.0,0.0,0.0,0.0,0.0,0.0,0.0,0.0,0.0,0
0.3434852301351042,2.4327122153209113,3.6513545347467606,5.8201058201058204,2.9523809523809526,0.2361185162617107,1.1181616011860638,5.862361937128293,15.09433962264151,9.375,4.787234042553192,0.0,7.114624505928855,5.806451612903226,0.0,0.0,10.533159947984394,0.0,7.563025210084034,1.3513513513513513,0.0,0.0,0.0,0.0,36.85368536853685,1
0.0,12.008281573498964,0.0,9.339774557165862,0.0,0.0,0.4225352112676056,0.5097706032285472,2.20125786163522,8.854166666666668,0.0,0.0,0.0,0.0,0.0,0.0,17.815344603381014,71.72774869109948,0.0,0.0,0.0,5.105105105105105,0.0,0.0,11.331133113311331,0
0.0,0.0,0.0,21.94616977225673,0.0,0.0,2.705707931801334,5.3525913338997455,2.086906803887936,0.0,0.0,0.0,0.0,0.0,29.93762993762994,0.0,0.0,0.0,0.0,0.0,29.93762993762994,0.0,0.0,0.0,0.0,0
0.0,4.813664596273292,0.0,2.1394064872325744,0.0,0.0,0.37805782060785764,0.33984706881903143,1.4579759862778732,0.0,26.063829787234045,0.0,0.0,0.0,0.0,0.0,12.873862158647594,0.0,0.0,0.0,0.0,0.0,0.0,0.0,10.891089108910892,0
0.0,0.0,0.0,3.887738670347366,0.0,0.0,0.6084507042253522,1.7841971112999149,1.1149228130360205,0.0,0.0,0.0,0.0,0.0,22.453222453222455,0.0,42.392717815344604,0.0,0.0,0.0,22.453222453222455,0.0,0.0,0.0,0.0,0
0.0,0.0,0.0,0.0,0.0,0.0,0.458117123795404,0.33984706881903143,0.4859919954259577,0.0,0.0,0.0,0.0,0.0,0.0,0.0,14.824447334200258,0.0,0.0,0.0,0.0,0.0,0.0,0.0,0.0,1
1.144950767117014,15.734989648033126,11.89634864546525,0.0,0.0,0.0,0.6481838398813936,1.274426508071368,4.688393367638651,0.0,0.0,0.0,0.0,0.0,6.4449064449064455,0.0,4.031209362808842,0.0,0.0,0.0,6.4449064449064455,0.0,0.0,0.0,10.45104510451045,0
0.0,0.0,0.0,0.0,0.0,0.0,0.6407709414381023,0.4248088360237892,8.404802744425385,10.9375,0.0,0.0,0.0,0.0,0.0,0.0,5.461638491547464,0.0,0.0,0.0,0.0,0.0,0.0,0.0,0.0,0
0.0,12.732919254658386,0.0,4.117782378651944,64.09523809523809,0.0,0.8664195700518903,9.600679694137638,18.296169239565465,33.85416666666667,0.0,21.58590308370044,38.73517786561265,20.64516129032258,37.21413721413722,0.0,10.533159947984394,0.0,0.0,0.0,37.21413721413722,0.0,4.822834645669292,4.822834645669292,14.301430143014302,1
0.8930615983512709,6.055900621118012,0.0,0.0,0.0,0.0,0.7472201630837657,4.672897196261682,5.4030874785591765,7.03125,0.0,0.0,10.67193675889328,0.0,0.0,0.0,3.5110533159947983,100.0,0.0,0.0,0.0,8.108108108108109,2.65748031496063,2.65748031496063,0.0,0
0.0,0.0,0.0,5.912123303427652,0.0,0.0,1.2397331356560415,2.2090059473237043,1.3150371640937677,0.0,0.0,89.86784140969162,0.0,0.0,0.0,0.0,0.0,0.0,0.0,30.63063063063063,0.0,0.0,0.0,0.0,0.0,1
0.0,0.0,0.0,0.0,0.0,0.0,0.4447739065974796,0.4248088360237892,0.5145797598627787,0.0,0.0,0.0,0.0,0.0,0.0,0.0,0.0,0.0,0.0,0.0,0.0,0.0,0.0,0.0,0.0,0
0.0,0.0,0.0,0.0,0.0,0.0,0.7730170496664195,0.9345794392523366,6.260720411663808,0.0,0.0,0.0,0.0,0.0,0.0,0.0,0.0,0.0,0.0,0.0,0.0,0.0,0.0,0.0,0.0,0
0.0,0.0,0.0,10.213940648723257,0.0,0.0,0.8302446256486288,0.594732370433305,0.8004574042309891,0.0,0.0,0.0,0.0,0.0,0.0,0.0,35.110533159947984,0.0,0.0,0.0,0.0,0.0,0.0,0.0,29.702970297029704,0
0.0,60.5072463768116,0.0,0.0,0.0,0.0,0.9191994069681244,0.9345794392523366,0.8862206975414523,0.0,0.0,0.0,0.0,0.0,0.0,0.0,0.0,0.0,0.0,0.0,0.0,0.0,0.0,0.0,0.0,0
0.0,0.0,0.0,14.56176673567978,0.0,0.0,0.41097108969607116,0.9345794392523366,1.7438536306460835,0.0,0.0,0.0,0.0,0.0,0.0,0.0,0.0,0.0,0.0,0.0,0.0,0.0,0.0,0.0,6.050605060506053,0
0.0,0.0,0.0,0.0,0.0,0.0,0.37064492216456635,0.16992353440951571,0.1429388221841052,0.0,0.0,0.0,0.0,0.0,0.0,0.0,0.0,0.0,0.0,0.0,0.0,0.0,0.0,0.0,0.0,0
0.0,0.0,0.0,28.410397975615375,0.0,0.0,1.3242401779095627,0.8496176720475784,3.8307604345340196,0.0,0.0,0.0,0.0,0.0,0.0,0.0,0.0,0.0,0.0,0.0,0.0,0.0,0.0,0.0,0.0,1
0.0,5.538302277432711,0.0,0.0,0.0,0.0,0.502594514455152,0.7646559048428208,2.229845626072041,0.0,0.0,0.0,28.853754940711465,0.0,0.0,0.0,19.115734720416125,0.0,0.0,0.0,0.0,0.0,0.0,0.0,0.0,0
0.0,0.0,0.0,0.0,0.0,0.0,0.5337286879169756,0.4248088360237892,0.25728987993138935,0.0,0.0,0.0,0.0,0.0,0.0,0.0,0.0,0.0,0.0,0.0,0.0,0.0,0.0,0.0,0.0,0
0.0,22.87784679089027,0.0,0.0,0.0,0.0,0.3558191252779837,0.2548853016142736,0.34305317324185247,63.28125000000001,0.0,0.0,0.0,0.0,0.0,0.0,0.0,0.0,0.0,0.0,0.0,0.0,0.0,0.0,0.0,0
0.0,0.0,0.0,0.0,0.0,0.0,0.3335804299481097,0.16992353440951571,0.25728987993138935,0.0,0.0,0.0,0.0,0.0,0.0,0.0,0.0,0.0,0.0,0.0,0.0,0.0,0.0,0.0,39.93399339933993,0
0.0,0.0,0.0,0.0,0.0,0.0,1.0799110452186804,0.6796941376380629,1.4579759862778732,0.0,0.0,0.0,0.0,0.0,0.0,0.0,32.89986996098829,0.0,0.0,0.0,0.0,0.0,0.0,0.0,55.665566556655655,1
0.0,17.70186335403727,0.0,0.0,0.0,0.0,0.6573758339510749,0.8496176720475784,1.4579759862778732,0.0,0.0,0.0,0.0,0.0,0.0,0.0,0.0,0.0,0.0,0.0,0.0,0.0,0.0,0.0,0.0,1
0.0,3.9337474120082816,0.0,7.016333103289626,36.285714285714285,0.0,0.5586360266864344,0.7646559048428208,2.801600914808462,0.0,0.0,0.0,0.0,30.96774193548387,0.0,24.0,0.0,0.0,0.0,0.0,0.0,0.0,4.724409448818897,4.724409448818897,31.683168316831683,0
0.0,0.0,0.0,0.0,0.0,0.0,0.4447739065974796,0.2548853016142736,0.17152658662092624,0.0,0.0,0.0,0.0,0.0,0.0,0.0,0.0,0.0,0.0,0.0,0.0,0.0,0.0,0.0,0.0,0
0.0,0.0,0.0,19.73775017253278,9.619047619047619,0.0,100.0,97.3661852166525,38.56489422527159,25.520833333333336,0.0,7.048458149779735,0.0,41.935483870967744,27.234927234927238,0.0,0.0,0.0,0.0,0.0,27.234927234927238,0.0,0.0,0.0,7.150715071507151,1
0.0,0.0,0.0,0.0,0.0,0.0,0.42342475908080063,0.33984706881903143,0.2858776443682104,0.0,0.0,0.0,0.0,0.0,0.0,0.0,0.0,0.0,0.0,0.0,0.0,0.0,98.42519685039369,98.42519685039369,0.0,1
0.8243645523242502,7.608695652173912,0.0,3.3816425120772946,0.0,0.0,0.7670867309117866,4.672897196261682,8.061749571183533,0.0,0.0,0.0,0.0,0.0,0.0,0.0,3.120936280884265,0.0,0.0,0.0,0.0,7.357357357357357,4.822834645669292,4.822834645669292,13.531353135313532,0
0.0,0.0,0.0,1.1042097998619738,4.571428571428571,0.0,0.41660489251297256,1.274426508071368,2.773013150371641,17.708333333333336,0.0,14.977973568281936,0.0,0.0,7.068607068607069,17.0,0.0,0.0,0.0,0.0,7.068607068607069,20.42042042042042,3.3464566929133857,3.3464566929133857,30.033003300330034,0
0.0,7.919254658385093,0.0,0.6671267540832758,2.0,0.0,0.5547813194959229,2.1240441801189465,32.104059462550026,3.90625,0.0,1.1013215859030836,1.9762845849802373,3.225806451612903,4.158004158004158,7.5,7.932379713914174,0.0,0.0,0.0,4.158004158004158,0.0,0.984251968503937,0.984251968503937,5.060506050605061,0
0.0,7.763975155279503,8.833922261484098,0.8511617207269383,0.0,0.0,0.7018532246108228,1.0195412064570943,5.889079473985134,0.0,0.0,0.0,0.0,0.0,0.0,0.0,0.0,0.0,0.0,0.0,0.0,0.0,0.0,0.0,0.0,0
0.0,12.784679089026916,0.0,4.117782378651944,64.19047619047619,0.0,0.8664195700518903,9.600679694137638,18.296169239565465,33.85416666666667,0.0,21.58590308370044,38.73517786561265,20.64516129032258,37.21413721413722,0.0,10.533159947984394,0.0,0.0,0.0,37.21413721413722,0.0,4.822834645669292,4.822834645669292,14.301430143014302,1
0.0,3.985507246376812,7.538280329799764,8.00552104899931,9.80952380952381,0.09140071597227512,1.5988139362490734,10.110450297366185,41.623785020011425,38.020833333333336,9.042553191489363,1.7621145374449338,0.0,16.129032258064516,1.6632016632016633,0.0,17.815344603381014,0.0,1.680672268907563,2.5525525525525525,1.6632016632016633,1.2012012012012012,5.019685039370079,5.019685039370079,8.47084708470847,1
4.648500114495077,9.420289855072463,5.771495877502945,0.0,0.7619047619047619,0.0,0.8747220163083766,4.4180118946474085,46.226415094339615,1.3020833333333335,1.0638297872340425,0.0,0.0,22.58064516129032,0.0,0.0,1.8205461638491551,0.0,0.0,0.0,0.0,0.3003003003003003,0.0,0.0,0.8800880088008802,0
0.0,13.198757763975157,0.0,0.0,0.0,0.0,0.6318754633061526,1.0195412064570943,2.3156089193825045,0.0,28.19148936170213,11.674008810572687,0.0,0.0,0.0,0.0,0.0,0.0,0.0,0.0,0.0,24.024024024024026,0.0,0.0,17.601760176017603,1
0.0,0.0,0.0,25.603864734299524,26.476190476190478,0.7007388224541091,51.29725722757598,35.51401869158879,14.83704974271012,0.0,0.0,37.22466960352423,0.0,54.19354838709678,17.463617463617464,0.0,10.923276983094928,0.0,0.0,12.612612612612612,17.463617463617464,0.0,100.0,100.0,27.942794279427943,1
0.6182734142431876,5.745341614906832,0.0,3.8417299286864504,0.0,0.0,0.561601186063751,1.869158878504673,6.174957118353345,4.427083333333334,0.0,0.0,0.0,0.0,28.274428274428278,0.0,2.2106631989596877,0.0,0.0,0.0,28.274428274428278,0.0,1.6732283464566928,1.6732283464566928,9.350935093509351,0
0.0,0.0,0.0,0.0,0.0,0.0,0.5337286879169756,0.4248088360237892,0.25728987993138935,0.0,0.0,0.0,0.0,0.0,0.0,0.0,0.0,0.0,0.0,0.0,0.0,0.0,0.0,0.0,0.0,0
90.95488893977559,0.0,0.0,1.4492753623188408,0.0,3.8388300708355545,1.904521868050408,3.6533559898045884,9.548313321898227,9.375,0.0,0.0,0.0,0.0,7.484407484407485,0.0,4.6814044213263974,0.0,0.0,0.0,7.484407484407485,0.0,0.0,0.0,0.0,0
0.0,3.5196687370600417,0.0,7.959512307338396,75.52380952380952,1.2110594866326452,1.793921423276501,16.907391673746815,91.85248713550601,1.3020833333333335,6.914893617021277,1.1013215859030836,10.276679841897234,28.387096774193548,15.592515592515594,13.0,12.48374512353706,29.84293193717277,25.630252100840337,4.954954954954955,15.592515592515594,0.0,0.984251968503937,0.984251968503937,16.281628162816283,1
0.0,5.434782608695652,12.367491166077736,0.0,0.0,0.0,0.2965159377316531,0.08496176720475786,0.8576329331046311,0.0,0.0,0.0,0.0,0.0,0.0,0.0,16.775032509752926,0.0,0.0,0.0,0.0,0.0,0.0,0.0,28.492849284928493,0
8.884817952828028,13.405797101449277,15.19434628975265,0.0,0.0,0.0,0.7905114899925871,1.1045029736618521,2.7444253859348198,0.0,0.0,0.0,0.0,0.0,0.0,0.0,9.492847854356306,0.0,0.0,0.0,0.0,0.0,0.0,0.0,0.0,0
0.9388596290359513,5.279503105590062,2.3557126030624262,0.4600874166091558,0.0,0.0,0.8243143068939954,2.888700084961767,10.491709548313322,21.35416666666667,0.0,0.0,0.0,0.0,0.0,0.0,7.152145643693109,21.465968586387433,0.0,0.0,0.0,0.0,0.0,0.0,12.101210121012105,0
0.0,11.024844720496896,0.0,0.0,0.0,0.0,0.5100074128984433,0.9345794392523366,1.2292738707833049,0.0,0.0,0.0,0.0,0.0,28.690228690228693,0.0,0.0,0.0,0.0,0.0,28.690228690228693,20.72072072072072,0.0,0.0,0.0,0
0.0,0.0,0.0,0.0,0.0,0.0,0.32705707931801326,0.2548853016142736,0.9148084619782734,0.0,0.0,0.0,0.0,0.0,0.0,0.0,0.0,0.0,0.0,0.0,0.0,0.0,0.0,0.0,7.040704070407042,1
0.0,0.0,0.0,1.8403496664366232,0.0,0.0,0.5467753891771683,1.1045029736618521,2.372784448256146,49.21875,0.0,25.991189427312776,9.090909090909092,0.0,9.771309771309772,11.5,9.102730819245773,12.041884816753928,0.0,0.0,9.771309771309772,0.0,2.263779527559055,2.263779527559055,18.151815181518153,1
0.0,21.06625258799172,23.910482921083627,0.0,0.0,0.0,0.6378057820607856,1.0195412064570943,2.029731275014294,0.0,0.0,0.0,0.0,0.0,0.0,0.0,17.035110533159948,0.0,0.0,0.0,0.0,0.0,0.0,0.0,0.0,0
0.0,4.347826086956522,0.0,9.684840119622729,24.0,0.0,1.533876945885841,6.7969413763806275,6.803887935963408,37.76041666666667,0.0,0.0,0.0,0.0,0.0,0.0,12.613784135240572,0.0,0.0,0.0,0.0,0.0,0.0,0.0,26.62266226622662,1
0.0,0.0,0.0,0.0,0.0,0.0,0.2965159377316531,0.08496176720475786,0.20011435105774728,0.0,0.0,0.0,0.0,0.0,0.0,0.0,0.0,0.0,0.0,0.0,0.0,0.0,0.0,0.0,0.0,0
0.0,24.741200828157346,0.0,0.0,0.0,0.0,0.39525574499629357,0.33984706881903143,0.8004574042309891,0.0,0.0,0.0,0.0,0.0,0.0,0.0,0.0,0.0,0.0,0.0,0.0,0.0,0.0,0.0,8.910891089108912,0
0.0,9.368530020703934,0.0,0.0,0.0,0.0,0.4151223128243144,0.33984706881903143,0.8004574042309891,27.60416666666667,0.0,0.0,0.0,0.0,0.0,0.0,13.784135240572171,0.0,0.0,0.0,0.0,0.0,0.0,0.0,11.66116611661166,0
0.0,8.902691511387163,0.0,0.0,0.0,0.0,0.5126760563380282,1.274426508071368,3.6592338479130935,0.0,0.0,0.0,0.0,0.0,0.0,0.0,11.443433029908972,0.0,0.0,0.0,0.0,3.303303303303303,0.0,0.0,0.0,0
0.0,8.333333333333334,0.0,24.89072923855533,28.47619047619047,0.7007388224541091,1.5638250555967383,12.404418011894647,28.044596912521442,0.0,20.21276595744681,0.0,0.0,0.0,5.197505197505198,32.0,3.250975292587776,53.92670157068063,0.0,15.465465465465465,5.197505197505198,1.8018018018018018,7.578740157480315,7.578740157480315,5.6105610561056105,1
0.0,7.246376811594204,0.0,12.905452035886821,0.0,0.0,0.6422535211267606,1.9541206457094307,1.8582046883933676,0.0,0.0,0.0,0.0,60.0,0.0,0.0,0.0,0.0,0.0,0.0,0.0,0.0,0.0,0.0,41.03410341034103,1
0.0,6.728778467908903,3.0624263839811543,0.5981136415919025,0.0,0.19803488460659607,0.6588584136397331,1.9541206457094307,13.722126929674097,23.958333333333336,0.0,0.0,0.0,14.838709677419354,0.0,0.0,11.963589076723018,0.0,19.327731092436977,0.0,0.0,0.0,0.0,0.0,2.5302530253025304,0
0.0,0.0,0.0,0.0,0.0,0.0,0.4560415122312825,0.33984706881903143,0.5717552887364208,78.90625,0.0,0.0,0.0,0.0,0.0,0.0,0.0,0.0,0.0,0.0,0.0,0.0,0.0,0.0,0.0,0
0.36638424547744447,3.002070393374741,0.0,14.699792960662528,15.714285714285714,1.3862441922461723,1.0962194217939214,9.940526762956669,100.0,0.0,17.02127659574468,0.0,1.58102766798419,18.709677419354836,8.731808731808732,19.5,17.815344603381014,45.54973821989529,35.50420168067227,12.612612612612612,8.731808731808732,3.303303303303303,3.149606299212598,3.149606299212598,14.521452145214521,1
0.0,9.368530020703934,10.600706713780916,4.16379112031286,0.0,0.0,1.3343217197924389,2.888700084961767,4.373927958833619,0.0,0.0,0.0,22.13438735177866,0.0,0.0,0.0,0.0,0.0,0.0,0.0,0.0,0.0,0.0,0.0,0.0,0
0.0,6.884057971014494,0.0,12.238325281803546,0.0,0.0,0.859896219421794,2.37892948173322,2.4871355060034306,0.0,0.0,0.0,0.0,58.70967741935484,0.0,0.0,0.0,0.0,0.0,0.0,0.0,0.0,0.0,0.0,30.253025302530254,1
0.0,13.819875776397517,0.0,0.0,0.0,0.0,0.2965159377316531,0.08496176720475786,0.4859919954259577,0.0,75.53191489361703,0.0,0.0,0.0,0.0,0.0,0.0,0.0,0.0,0.0,0.0,0.0,0.0,0.0,0.0,0
0.0,0.0,0.0,24.108580630319764,0.0,2.658237489527001,0.9882876204595997,0.8496176720475784,0.8576329331046311,0.0,0.0,0.0,0.0,0.0,0.0,0.0,68.40052015604681,0.0,0.0,0.0,0.0,0.0,0.0,0.0,0.0,1
1.5342340279367987,10.455486542443063,0.0,6.1881757533931445,0.0,0.0,1.2394366197183098,3.8232795242141036,13.264722698684963,0.0,0.0,0.0,0.0,0.0,0.0,0.0,0.0,0.0,0.0,7.057057057057056,0.0,0.0,0.0,0.0,21.012101210121013,1
9.251202198305473,20.910973084886127,0.0,18.61053600184035,0.0,0.0,1.440177909562639,1.0195412064570943,0.9719839908519154,76.5625,0.0,0.0,0.0,0.0,0.0,0.0,0.0,0.0,0.0,0.0,0.0,0.0,28.937007874015748,28.937007874015748,0.0,1
0.2289901534234028,2.691511387163561,0.0,0.2300437083045779,16.095238095238095,0.0,0.5236471460340993,1.0195412064570943,12.778730703259004,40.88541666666667,19.148936170212767,1.3215859030837003,2.3715415019762847,3.8709677419354835,1.2474012474012475,3.0,7.022106631989597,15.706806282722514,1.2605042016806722,0.9009009009009009,1.2474012474012475,0.9009009009009009,0.0,0.0,11.881188118811881,1
0.0,8.074534161490684,0.0,0.0,14.857142857142856,0.0,0.5005189028910304,1.6142735768903993,4.488279016580903,16.666666666666668,34.04255319148936,14.09691629955947,12.64822134387352,0.0,0.0,0.0,4.161248374512353,16.75392670157068,0.0,4.804804804804805,0.0,4.804804804804805,3.149606299212598,3.149606299212598,35.64356435643565,1
0.5953743989008473,20.910973084886127,6.242638398115429,0.5981136415919025,0.0,0.0,0.858117123795404,3.8232795242141036,11.74957118353345,4.947916666666667,10.106382978723405,0.0,0.0,0.0,3.95010395010395,0.0,4.94148244473342,0.0,0.0,0.0,3.95010395010395,5.7057057057057055,0.0,0.0,10.56105610561056,0
1.4426379665674376,1.0869565217391306,0.0,0.9661835748792272,4.0,0.0,0.6971089696071163,5.862361937128293,7.261292166952544,34.895833333333336,6.382978723404255,0.0,4.743083003952569,0.0,0.0,18.0,11.053315994798439,0.0,0.0,0.0,0.0,0.0,2.3622047244094486,2.3622047244094486,8.030803080308031,1
0.0,3.4679089026915118,0.0,0.0,0.0,0.0,0.4249073387694589,0.7646559048428208,2.4585477415666097,17.96875,0.0,0.0,0.0,0.0,0.0,0.0,18.075422626788036,0.0,0.0,0.0,0.0,0.0,0.0,0.0,0.0,0
4.09892374627891,0.0,0.0,0.0,0.0,0.0,0.3676797627872499,0.5097706032285472,1.9153802172670098,0.0,0.0,0.0,0.0,0.0,0.0,30.5,7.932379713914174,0.0,0.0,0.0,0.0,0.0,0.0,0.0,0.0,0
0.0,23.447204968944096,0.0,0.0,0.0,0.0,3.4653817642698295,6.372132540356841,5.345911949685535,0.0,0.0,0.0,0.0,0.0,48.232848232848234,0.0,0.0,0.0,0.0,0.0,48.232848232848234,0.0,0.0,0.0,0.0,0
0.0,17.339544513457557,0.0,0.0,0.0,1.2719932972808285,0.7863602668643439,0.9345794392523366,1.7438536306460835,0.0,0.0,0.0,0.0,0.0,0.0,0.0,0.0,0.0,0.0,0.0,0.0,0.0,0.0,0.0,0.0,0
0.0,3.260869565217391,0.0,6.234184495054063,18.19047619047619,0.723589001447178,1.4541141586360267,22.429906542056074,19.068038879359634,2.0833333333333335,21.808510638297875,1.7621145374449338,9.486166007905139,0.0,29.10602910602911,16.5,7.412223667100129,47.12041884816754,0.0,6.156156156156155,29.10602910602911,0.0,0.0,0.0,9.900990099009901,1
0.0,0.0,0.0,0.0,0.0,0.0,0.2965159377316531,0.08496176720475786,0.20011435105774728,0.0,0.0,0.0,0.0,0.0,0.0,0.0,0.0,0.0,0.0,0.0,0.0,0.0,0.0,0.0,0.0,0
10.785436226242274,28.467908902691516,0.0,1.7943409247757076,0.0,0.0,0.7567086730911786,1.3593882752761257,4.888507718696398,0.0,0.0,0.0,0.0,0.0,0.0,0.0,0.0,0.0,0.0,0.0,0.0,0.0,0.0,0.0,0.0,0
0.0,28.157349896480333,0.0,0.0,12.952380952380953,0.0,0.7768717568569311,0.9345794392523366,2.172670097198399,20.3125,0.0,0.0,0.0,50.32258064516129,16.216216216216218,0.0,10.143042912873861,0.0,0.0,0.0,16.216216216216218,0.0,7.677165354330708,7.677165354330708,0.0,0
0.18319212273872224,1.811594202898551,0.0,3.4276512537382104,12.476190476190476,0.06093381064818341,1.076056338028169,10.790144435004247,17.638650657518582,55.98958333333334,7.97872340425532,0.0,0.0,6.451612903225806,15.592515592515594,17.5,11.053315994798439,13.089005235602095,0.0,12.012012012012013,15.592515592515594,0.0,1.4763779527559056,1.4763779527559056,19.251925192519252,1
0.2518891687657431,7.401656314699793,0.0,0.0,4.190476190476191,0.0,0.7240919199406968,2.2090059473237043,16.895368782161235,3.90625,0.0,0.0,2.7667984189723325,0.0,1.4553014553014554,7.5,23.927178153446036,3.664921465968587,0.0,0.0,1.4553014553014554,0.0,0.0,0.0,0.0,0
0.0,24.637681159420296,0.0,0.0,0.0,0.0,0.5559673832468495,0.9345794392523366,1.2864493996569468,0.0,53.72340425531915,0.0,0.0,0.0,0.0,0.0,0.0,0.0,0.0,0.0,0.0,0.0,0.0,0.0,11.11111111111111,0
0.0,2.9503105590062115,0.0,1.311249137336094,16.285714285714285,0.0,0.5853224610822831,2.888700084961767,6.546598056032019,4.427083333333334,0.0,7.709251101321586,13.833992094861662,0.0,3.5343035343035347,8.5,4.551365409622886,0.0,0.0,0.0,3.5343035343035347,2.5525525525525525,3.4448818897637796,3.4448818897637796,1.8701870187018705,1
0.0,10.559006211180124,8.00942285041225,0.0,0.0,0.0,0.6250555967383247,1.274426508071368,2.773013150371641,0.0,0.0,0.0,0.0,0.0,0.0,0.0,5.461638491547464,0.0,0.0,0.0,0.0,0.0,0.0,0.0,14.081408140814084,0
0.0,3.623188405797102,0.0,0.0,13.428571428571423,1.6071292558458372,7.653669384729429,8.836023789294817,11.806746712407088,0.0,0.0,0.0,0.0,100.0,0.0,0.0,6.631989596879063,0.0,0.0,0.0,0.0,0.0,0.0,0.0,0.0,0
0.0,13.768115942028988,7.773851590106008,0.0,0.0,0.0,5.337286879169755,16.99235344095157,10.806174957118353,0.0,0.0,0.0,0.0,0.0,0.0,0.0,18.205461638491546,0.0,0.0,0.0,0.0,0.0,0.0,0.0,15.401540154015402,0
0.0,4.347826086956522,0.0,1.9323671497584545,72.47619047619047,0.0,1.5780578206078575,3.9082412914188613,4.716981132075472,12.5,0.0,0.0,18.972332015810277,0.0,0.0,0.0,12.48374512353706,0.0,0.0,0.0,0.0,7.207207207207207,0.0,0.0,26.512651265126514,1
0.0,3.1573498964803317,0.0,14.078674948240167,17.428571428571427,0.0,0.7940696812453669,1.1045029736618521,2.144082332761578,0.0,20.74468085106383,17.400881057268723,0.0,0.0,0.0,0.0,10.273081924577372,0.0,0.0,11.861861861861861,0.0,0.0,0.0,0.0,30.36303630363036,1
0.0,0.0,0.0,13.687600644122385,0.0,0.0,0.4447739065974796,0.33984706881903143,0.42881646655231553,0.0,0.0,0.0,0.0,0.0,0.0,0.0,39.40182054616385,0.0,0.0,0.0,0.0,0.0,0.0,0.0,0.0,0
0.0,0.0,0.0,0.0,0.0,0.0,0.42342475908080063,0.33984706881903143,0.2858776443682104,0.0,0.0,0.0,0.0,0.0,0.0,0.0,0.0,0.0,0.0,0.0,0.0,0.0,0.0,0.0,0.0,0
0.0,0.0,0.0,36.024844720496894,34.38095238095238,0.0,0.782209043736101,1.869158878504673,3.544882790165809,41.66666666666667,0.0,0.0,0.0,0.0,0.0,0.0,0.0,0.0,0.0,0.0,0.0,0.0,7.874015748031496,7.874015748031496,26.402640264026402,1
0.0,5.9523809523809526,0.0,0.0,8.19047619047619,0.0,1.4209043736100815,3.2285471537807986,14.522584333905089,35.9375,36.70212765957447,3.744493392070484,6.719367588932807,0.0,3.5343035343035347,0.0,11.18335500650195,0.0,0.0,0.0,3.5343035343035347,2.5525525525525525,15.255905511811024,15.255905511811024,26.62266226622662,1
0.8472635676665905,11.697722567287785,0.0,0.8511617207269383,0.0,0.0,0.7905114899925871,2.803738317757009,5.946255002858776,0.0,14.361702127659576,0.0,0.0,52.90322580645161,0.0,0.0,3.5110533159947983,0.0,0.0,0.0,0.0,0.0,0.0,0.0,0.0,1
0.0,0.0,0.0,0.6671267540832758,0.0,0.0,0.3353595255744996,0.9345794392523366,4.4311034877072615,0.0,0.0,0.0,0.0,0.0,0.0,0.0,10.273081924577372,0.0,0.0,0.0,0.0,0.0,3.838582677165354,3.838582677165354,0.0,0
0.0,22.722567287784678,0.0,25.258799171842654,0.0,3.343742859319064,1.0588584136397332,3.058623619371283,3.57347055460263,0.0,68.61702127659575,0.0,0.0,0.0,0.0,0.0,0.0,0.0,0.0,0.0,0.0,0.0,25.492125984251967,25.492125984251967,14.19141914191419,1
0.0,6.418219461697723,0.0,7.131354957441915,5.904761904761905,0.0,0.43795404002965155,0.6796941376380629,1.8582046883933676,0.0,0.0,0.0,50.98814229249012,0.0,8.939708939708941,0.0,0.0,0.0,0.0,0.0,8.939708939708941,25.975975975975974,4.232283464566929,4.232283464566929,4.730473047304731,1
0.0,0.0,0.0,15.642972164711297,0.0,0.0,0.2965159377316531,0.08496176720475786,0.31446540880503143,0.0,0.0,0.0,0.0,0.0,0.0,0.0,0.0,0.0,0.0,0.0,0.0,0.0,0.0,0.0,0.0,0
0.0,0.0,0.0,6.395215090867266,0.0,0.0,0.8747220163083766,1.5293118096856415,1.6866781017724415,25.520833333333336,0.0,0.0,0.0,0.0,20.374220374220375,49.0,12.743823146944083,0.0,0.0,0.0,20.374220374220375,14.714714714714715,9.645669291338583,9.645669291338583,21.562156215621563,1
0.0,24.17184265010352,13.66313309776207,0.0,0.0,0.0,0.7208302446256486,1.0195412064570943,3.544882790165809,0.0,0.0,0.0,0.0,0.0,14.96881496881497,0.0,0.0,0.0,0.0,0.0,14.96881496881497,0.0,0.0,0.0,0.0,0
2.793679871765514,18.94409937888199,0.0,0.0,0.0,0.0,0.5494440326167532,1.1045029736618521,2.172670097198399,0.0,0.0,0.0,0.0,0.0,0.0,0.0,10.403120936280883,0.0,0.0,0.0,0.0,0.0,0.0,0.0,0.0,0
0.0,10.610766045548655,0.0,3.5196687370600417,12.19047619047619,0.7769060857643385,0.7964418087472203,6.202209005947323,10.520297312750142,0.0,0.0,0.0,0.0,66.45161290322581,6.029106029106029,7.000000000000001,7.672301690507152,0.0,0.0,6.606606606606606,6.029106029106029,2.1021021021021022,0.0,0.0,9.68096809680968,1
0.3205862147927639,2.5879917184265016,0.0,0.322061191626409,0.0,0.0,0.32942920681986654,0.594732370433305,11.120640365923386,1.822916666666667,5.851063829787234,0.0,0.0,0.0,0.6237006237006237,0.0,0.9102730819245776,19.3717277486911,0.0,0.0,0.6237006237006237,0.45045045045045046,0.0,0.0,2.42024202420242,0
0.0,7.298136645962732,0.0,8.097538532321142,5.333333333333332,0.0,2.8468495181616023,12.574341546304163,32.38993710691824,5.208333333333334,0.0,0.0,0.0,12.903225806451612,6.237006237006238,5.0,16.905071521456435,57.591623036649224,0.0,6.0060060060060065,6.237006237006238,0.0,2.952755905511811,2.952755905511811,13.201320132013201,1
3.4119532860087016,15.424430641821946,0.0,0.0,0.0,0.0,0.6698295033358044,1.274426508071368,1.7438536306460835,23.177083333333336,47.340425531914896,0.0,0.0,0.0,0.0,0.0,0.0,0.0,0.0,0.0,0.0,0.0,0.0,0.0,19.58195819581958,0
3.8928326081978475,26.449275362318843,10.01177856301531,11.755233494363932,0.0,0.0,1.3690140845070422,2.293967714528462,6.203544882790166,0.0,0.0,0.0,26.48221343873518,0.0,13.92931392931393,0.0,0.0,0.0,0.0,0.0,13.92931392931393,0.0,0.0,0.0,0.0,1
0.0,27.795031055900623,0.0,24.72969864274212,0.0,0.0,0.3558191252779837,0.2548853016142736,0.34305317324185247,0.0,0.0,0.0,0.0,0.0,0.0,0.0,0.0,0.0,0.0,0.0,0.0,0.0,0.0,0.0,0.0,0
0.0,0.0,0.0,19.66873706004141,75.61904761904762,0.0,1.2311341734618235,3.4834324553950724,10.091480846197827,0.0,0.0,0.0,0.0,77.41935483870968,100.0,20.0,0.0,0.0,0.0,6.0060060060060065,100.0,0.0,0.0,0.0,13.201320132013201,1
0.0,0.0,0.0,0.0,0.0,0.0,0.43943661971830983,0.594732370433305,1.2292738707833049,0.0,0.0,0.0,0.0,0.0,0.0,0.0,20.546163849154745,0.0,0.0,0.0,0.0,0.0,0.0,0.0,0.0,0
0.0,13.198757763975157,0.0,0.0,0.0,0.0,0.546182357301705,0.5097706032285472,1.0005717552887363,0.0,0.0,0.0,0.0,48.387096774193544,0.0,0.0,0.0,0.0,0.0,0.0,0.0,0.0,0.0,0.0,0.0,0
0.8243645523242502,4.347826086956522,0.0,6.395215090867266,21.904761904761905,0.6398050118059257,1.1525574499629354,3.3984706881903137,25.671812464265294,0.0,17.5531914893617,1.3215859030837003,13.043478260869568,0.0,23.284823284823286,19.5,9.492847854356306,41.36125654450261,0.0,3.903903903903904,23.284823284823286,3.903903903903904,2.559055118110236,2.559055118110236,7.260726072607261,1
0.0,0.0,0.0,0.0,0.0,4.227283113717724,0.8895478131949592,1.18946474086661,9.948542024013722,0.0,0.0,0.0,0.0,0.0,0.0,0.0,4.291287386215864,0.0,0.0,0.0,0.0,0.0,0.0,0.0,0.0,0
0.0,4.140786749482402,0.0,10.1909362778928,38.285714285714285,0.0,0.7146034099332839,1.6142735768903993,6.88965122927387,20.3125,0.0,11.45374449339207,20.55335968379447,0.0,21.621621621621625,0.0,3.381014304291287,81.67539267015707,0.0,0.0,21.621621621621625,23.423423423423422,0.0,0.0,17.16171617161716,1
0.0,14.285714285714286,0.0,12.698412698412701,0.0,0.0,0.7905114899925871,1.3593882752761257,2.058319039451115,0.0,0.0,0.0,0.0,47.74193548387097,0.0,0.0,0.0,0.0,0.0,0.0,0.0,0.0,0.0,0.0,0.0,0
0.0,13.457556935817806,0.0,27.996319300667132,33.04761904761905,0.0,1.5137138621200892,11.894647408666101,5.546026300743282,58.59375,0.0,12.33480176211454,0.0,0.0,0.0,0.0,7.2821846553966205,29.319371727748695,0.0,0.0,0.0,0.0,5.511811023622048,5.511811023622048,18.591859185918594,1
0.0,0.0,0.0,0.0,0.0,0.0,0.5337286879169756,0.7646559048428208,0.5145797598627787,0.0,0.0,100.0,0.0,0.0,0.0,0.0,0.0,0.0,0.0,0.0,0.0,0.0,0.0,0.0,0.0,1
0.0,8.229813664596273,0.0,0.0,15.142857142857142,0.0,0.44922164566345446,0.4248088360237892,1.4293882218410523,0.0,0.0,0.0,0.0,0.0,0.0,0.0,23.5370611183355,0.0,0.0,0.0,0.0,0.0,0.0,0.0,0.0,0
0.0,0.0,0.0,0.0,0.0,0.0,0.5322461082283173,0.9345794392523366,2.2584333905088623,0.0,0.0,0.0,0.0,0.0,0.0,0.0,22.75682704811443,0.0,0.0,0.0,0.0,0.0,0.0,0.0,0.0,0
0.0,35.30020703933748,0.0,0.0,0.0,0.0,0.8020756115641215,0.9345794392523366,1.3150371640937677,0.0,0.0,0.0,0.0,0.0,41.58004158004158,0.0,0.0,0.0,0.0,0.0,41.58004158004158,0.0,0.0,0.0,0.0,0
0.0,0.0,0.0,20.933977455716587,26.0,0.0,0.676945885841364,1.869158878504673,3.4591194968553456,58.59375,0.0,0.0,0.0,0.0,11.642411642411643,0.0,0.0,0.0,0.0,0.0,11.642411642411643,0.0,5.511811023622048,5.511811023622048,18.591859185918594,1
0.0,0.0,0.0,0.0,0.0,0.0,0.2965159377316531,0.08496176720475786,0.20011435105774728,0.0,0.0,0.0,0.0,0.0,0.0,0.0,0.0,0.0,0.0,0.0,0.0,0.0,0.0,0.0,0.0,0
0.0,0.0,0.0,0.0,0.0,0.0,0.2965159377316531,0.08496176720475786,0.1429388221841052,0.0,0.0,0.0,0.0,0.0,0.0,0.0,0.0,0.0,0.0,0.0,0.0,0.0,0.0,0.0,0.0,0
0.0,33.95445134575569,0.0,7.131354957441915,0.0,0.0,1.6453669384729428,6.032285471537808,16.18067467124071,6.770833333333334,0.0,5.726872246696035,0.0,33.54838709677419,0.0,13.0,0.0,0.0,0.0,7.807807807807808,0.0,0.0,7.775590551181102,7.775590551181102,11.551155115511552,1
0.0,16.51138716356108,0.0,0.0,0.0,0.0,0.7816160118606377,0.7646559048428208,0.8290451686678102,0.0,0.0,0.0,0.0,0.0,0.0,0.0,0.0,0.0,0.0,0.0,0.0,0.0,0.0,0.0,0.0,0
0.0,0.0,0.0,0.0,0.0,0.0,0.493995552260934,0.594732370433305,0.7146941109205261,0.0,0.0,0.0,0.0,0.0,0.0,0.0,0.0,0.0,0.0,0.0,0.0,0.0,0.0,0.0,0.0,0
0.0,2.9503105590062115,0.0,0.0,0.0,0.0,0.793180133432172,3.058623619371283,2.8301886792452833,0.0,55.851063829787236,0.0,0.0,0.0,0.0,0.0,6.762028608582574,0.0,0.0,0.0,0.0,0.0,0.0,0.0,0.0,1
0.0,8.643892339544513,0.0,0.0,0.0,0.0,0.6508524833209784,1.4443500424808835,2.5728987993138936,0.0,0.0,0.0,0.0,0.0,0.0,0.0,0.0,0.0,0.0,0.0,0.0,0.0,0.0,0.0,0.0,0
0.0,0.0,0.0,0.0,0.0,0.0,0.2965159377316531,0.08496176720475786,0.1429388221841052,0.0,0.0,0.0,0.0,0.0,0.0,0.0,0.0,0.0,0.0,0.0,0.0,0.0,0.0,0.0,0.0,0
0.0,25.569358178053832,0.0,1.8863584080975386,78.38095238095238,0.0,1.0081541882876204,1.0195412064570943,2.9159519725557463,0.0,0.0,0.0,18.181818181818183,0.0,0.0,0.0,17.945383615084523,0.0,0.0,0.0,0.0,6.906906906906908,0.0,0.0,25.41254125412541,1
0.0,20.03105590062112,0.0,0.0,31.52380952380953,0.0,0.6781319495922905,1.18946474086661,4.774156660949114,0.0,19.680851063829788,0.0,0.0,0.0,0.0,0.0,9.752925877763328,19.3717277486911,0.0,0.0,0.0,0.0,0.0,0.0,0.0,0
0.0,0.0,0.0,35.61076604554866,0.0,0.0,0.9553743513713862,1.18946474086661,1.6580903373356204,0.0,0.0,0.0,0.0,0.0,0.0,0.0,0.0,0.0,0.0,0.0,0.0,0.0,0.0,0.0,14.081408140814084,0
6.984199679413786,31.625258799171846,0.0,35.17368299976996,0.0,0.0,1.630837657524092,1.869158878504673,1.8867924528301887,0.0,0.0,0.0,0.0,0.0,0.0,0.0,0.0,0.0,0.0,0.0,0.0,0.0,0.0,0.0,0.0,1
3.2058621479276392,25.87991718426501,10.954063604240282,0.0,0.0,0.0,1.2038547071905112,4.333050127442651,28.673527730131504,2.604166666666667,0.0,0.0,0.0,0.0,0.0,0.0,1.3003901170351104,0.0,0.0,0.0,0.0,0.0,0.0,0.0,0.0,0
0.0,3.985507246376812,0.0,0.0,0.0,0.0,0.5773165307635285,1.0195412064570943,3.1732418524871355,14.843749999999998,0.0,0.0,0.0,0.0,0.0,0.0,22.236671001300394,0.0,0.0,0.0,0.0,8.558558558558557,0.0,0.0,0.0,0
13.89970231280055,3.3126293995859215,4.240282685512367,1.2652403956751783,0.0,1.5385787188666307,1.1166790214974056,3.6533559898045884,51.14351057747283,0.0,0.0,0.0,0.0,0.0,0.0,0.0,6.24187256176853,0.0,0.0,0.0,0.0,1.5015015015015016,0.0,0.0,1.1001100110011002,0
0.0,7.608695652173912,0.0,10.144927536231885,0.0,0.0,0.5930318754633062,0.5097706032285472,1.5437392795883362,19.53125,0.0,0.0,0.0,0.0,0.0,0.0,9.752925877763328,78.53403141361257,0.0,0.0,0.0,0.0,7.381889763779529,7.381889763779529,8.250825082508252,0
0.0,1.2939958592132508,0.0,24.177593742811137,21.428571428571427,0.3808363165511463,1.9825055596738326,18.436703483432456,25.61463693539165,19.791666666666668,15.95744680851064,0.0,0.0,98.06451612903226,31.6008316008316,7.5,25.747724317295187,15.706806282722514,0.0,4.504504504504505,31.6008316008316,22.822822822822822,2.952755905511811,2.952755905511811,26.842684268426844,1
6.984199679413786,31.625258799171846,0.0,35.17368299976996,0.0,0.0,1.630837657524092,1.869158878504673,1.8867924528301887,0.0,0.0,0.0,0.0,0.0,0.0,0.0,0.0,0.0,0.0,0.0,0.0,0.0,0.0,0.0,0.0,1
0.0,0.0,0.0,0.0,18.95238095238095,0.0,1.4286137879911047,2.1240441801189465,1.515151515151515,0.0,0.0,0.0,0.0,0.0,0.0,0.0,17.035110533159948,0.0,0.0,19.66966966966967,0.0,0.0,0.0,0.0,57.86578657865787,1
0.0,0.0,21.908127208480565,0.0,0.0,0.0,1.0902891030392883,2.37892948173322,3.259005145797599,0.0,0.0,0.0,0.0,0.0,0.0,0.0,0.0,0.0,0.0,0.0,0.0,0.0,0.0,0.0,0.0,0
0.0,2.173913043478261,4.946996466431095,0.9661835748792272,4.0,0.0,0.35077835433654564,1.1045029736618521,4.802744425385935,7.8125,0.0,0.0,0.0,0.0,0.0,0.0,3.9011703511053315,47.64397905759162,0.0,0.0,0.0,0.0,0.0,0.0,3.3003300330033003,0
0.0,5.797101449275362,0.0,16.057050839659535,6.3809523809523805,0.0,1.5125277983691625,5.3525913338997455,22.898799313893655,11.71875,0.0,3.303964757709251,0.0,39.354838709677416,12.681912681912683,0.0,9.88296488946684,15.706806282722514,0.0,4.504504504504505,12.681912681912683,0.0,6.003937007874016,6.003937007874016,30.253025302530254,1
0.0,0.0,0.0,0.0,0.0,0.0,0.41986656782802073,0.2548853016142736,0.4859919954259577,0.0,0.0,0.0,0.0,0.0,51.97505197505198,0.0,0.0,0.0,0.0,0.0,51.97505197505198,0.0,0.0,0.0,27.502750275027502,0
0.0,20.341614906832298,0.0,5.175983436853003,5.333333333333332,0.0,0.6692364714603408,1.4443500424808835,4.5168667810177245,0.0,0.0,7.488986784140968,0.0,0.0,7.068607068607069,0.0,4.421326397919375,0.0,0.0,0.0,7.068607068607069,5.105105105105105,6.692913385826771,6.692913385826771,3.740374037403741,1
0.0,8.954451345755695,0.0,10.651023694501957,0.0,0.0,0.4560415122312825,0.9345794392523366,2.287021154945683,17.708333333333336,0.0,0.0,0.0,0.0,0.0,0.0,0.0,17.80104712041885,0.0,0.0,0.0,5.105105105105105,0.0,0.0,0.0,0
0.0,3.416149068322982,0.0,0.0,0.0,0.0,0.4249073387694589,0.4248088360237892,2.4585477415666097,0.0,0.0,0.0,0.0,0.0,7.6923076923076925,0.0,9.752925877763328,0.0,0.0,0.0,7.6923076923076925,0.0,0.0,0.0,8.250825082508252,0
0.0,4.244306418219462,0.0,0.0,7.809523809523808,1.8889481300936857,2.1260192735359524,3.5683942225998297,8.404802744425385,0.0,0.0,0.0,0.0,0.0,0.0,0.0,11.053315994798439,0.0,0.0,0.0,0.0,12.762762762762762,8.366141732283465,8.366141732283465,9.350935093509351,1
0.0,0.0,0.0,0.0,20.0,0.0,1.3343217197924389,2.1240441801189465,1.5437392795883362,0.0,0.0,0.0,0.0,0.0,0.0,0.0,17.035110533159948,0.0,0.0,19.66966966966967,0.0,0.0,0.0,0.0,57.86578657865787,1
0.0,0.0,0.0,0.0,0.0,0.0,0.2965159377316531,0.08496176720475786,0.20011435105774728,0.0,0.0,0.0,0.0,0.0,0.0,0.0,0.0,0.0,0.0,0.0,0.0,0.0,0.0,0.0,0.0,0
0.0,0.0,0.0,28.387393604784915,0.0,0.0,0.8895478131949592,0.4248088360237892,0.42881646655231553,0.0,0.0,0.0,0.0,0.0,0.0,0.0,0.0,0.0,0.0,0.0,0.0,0.0,0.0,0.0,0.0,0
0.0,5.175983436853003,0.0,2.3004370830457788,0.0,0.0,0.49873980726464046,1.869158878504673,1.9725557461406518,18.229166666666668,0.0,0.0,0.0,0.0,0.0,0.0,9.102730819245773,0.0,0.0,0.0,0.0,0.0,0.0,0.0,0.0,0
0.0,2.9503105590062115,0.0,0.0,0.0,0.0,0.8323202372127502,3.3135089209855564,10.834762721555173,5.46875,0.0,0.0,0.0,0.0,0.0,0.0,10.923276983094928,0.0,0.0,0.0,0.0,0.0,2.0669291338582676,2.0669291338582676,0.0,1
0.0,8.229813664596273,0.0,11.019093627789282,0.0,0.6017213801508111,4.963380281690141,12.489379779099403,11.0062893081761,28.906250000000004,29.255319148936177,49.11894273127754,0.0,0.0,11.434511434511437,0.0,7.152145643693109,0.0,0.0,0.0,11.434511434511437,8.258258258258259,0.0,0.0,12.211221122112214,1
10.808335241584613,3.4679089026915118,0.0,0.0,4.190476190476191,0.510320664178536,0.47650111193476646,1.3593882752761257,11.949685534591195,0.0,0.0,0.0,0.0,0.0,6.237006237006238,0.0,3.9011703511053315,0.0,0.0,0.0,6.237006237006238,2.2522522522522523,2.952755905511811,2.952755905511811,1.6501650165016502,1
0.0,0.0,0.0,0.0,0.0,0.0,0.704225352112676,0.9345794392523366,1.0863350485991996,0.0,0.0,0.0,0.0,0.0,0.0,0.0,0.0,0.0,100.0,0.0,0.0,0.0,46.8503937007874,46.8503937007874,26.182618261826182,1
0.0,0.0,0.0,0.0,0.0,0.0,0.2965159377316531,0.08496176720475786,0.1429388221841052,0.0,0.0,0.0,0.0,0.0,0.0,0.0,0.0,0.0,0.0,0.0,0.0,0.0,0.0,0.0,0.0,0
0.4350812915044653,7.091097308488612,0.0,0.0,0.0,0.0,0.6748702742772423,1.6992353440951569,13.865065751858205,3.90625,0.0,0.0,0.0,9.67741935483871,3.118503118503119,15.0,5.981794538361509,0.0,0.0,0.0,3.118503118503119,2.2522522522522523,0.0,0.0,11.77117711771177,0
0.0,10.559006211180124,0.0,0.0,0.0,0.0,0.5189028910303929,0.9345794392523366,1.0005717552887363,0.0,0.0,0.0,0.0,0.0,48.232848232848234,0.0,0.0,0.0,0.0,0.0,48.232848232848234,0.0,0.0,0.0,0.0,0
0.0,25.051759834368525,0.0,0.0,0.0,0.0,0.8895478131949592,0.9345794392523366,2.3156089193825045,0.0,0.0,0.0,0.0,0.0,32.432432432432435,0.0,0.0,0.0,0.0,0.0,32.432432432432435,0.0,0.0,0.0,0.0,0
0.0,8.488612836438923,0.0,8.53462157809984,5.809523809523809,0.0,0.8569310600444774,7.1367884451996595,13.636363636363637,3.125,0.0,0.0,4.743083003952569,16.129032258064516,2.494802494802495,6.0,4.94148244473342,6.282722513089006,0.0,1.8018018018018018,2.494802494802495,30.63063063063063,0.0,0.0,13.971397139713972,1
0.0,0.0,0.0,0.0,0.0,0.0,0.2965159377316531,0.08496176720475786,0.08576329331046312,0.0,0.0,0.0,0.0,0.0,0.0,0.0,0.0,0.0,0.0,0.0,0.0,0.0,0.0,0.0,0.0,0
0.0,13.975155279503106,21.201413427561832,0.0,0.0,0.0,1.0662713120830245,2.888700084961767,5.345911949685535,0.0,0.0,0.0,0.0,0.0,0.0,0.0,0.0,28.795811518324612,0.0,0.0,0.0,8.258258258258259,0.0,0.0,0.0,0
0.0,37.21532091097309,0.0,0.0,0.0,0.0,0.46582653817642694,0.2548853016142736,0.31446540880503143,0.0,0.0,0.0,0.0,0.0,0.0,0.0,0.0,0.0,80.67226890756302,0.0,0.0,0.0,0.0,0.0,0.0,0
0.0,9.316770186335404,0.0,0.0,0.0,0.0,0.45159377316530763,0.9345794392523366,4.574042309891366,7.291666666666668,0.0,0.0,0.0,0.0,0.0,0.0,25.487646293888165,0.0,0.0,0.0,0.0,0.0,0.0,0.0,0.0,0
0.0,7.1946169772256745,0.0,0.0,0.0,0.0,0.6790214974054856,1.3593882752761257,2.029731275014294,0.0,0.0,0.0,0.0,0.0,0.0,0.0,0.0,0.0,0.0,0.0,0.0,0.0,0.0,0.0,0.0,0
8.22074650790016,18.581780538302276,0.0,0.0,0.0,0.0,0.2965159377316531,0.08496176720475786,0.028587764436821043,0.0,0.0,0.0,0.0,0.0,0.0,0.0,0.0,0.0,0.0,0.0,0.0,0.0,0.0,0.0,45.76457645764576,0
0.0,11.594202898550725,0.0,26.47803082585692,5.333333333333332,0.0,1.4612305411415862,5.3525913338997455,17.753001715265867,8.59375,8.51063829787234,7.2687224669603525,33.201581027667984,10.32258064516129,10.395010395010395,16.5,19.63589076723017,0.0,0.0,4.954954954954955,10.395010395010395,4.954954954954955,0.0,0.0,42.57425742574257,1
0.0,27.484472049689444,0.0,0.0,0.0,0.0,0.8797627872498146,0.9345794392523366,2.6300743281875354,0.0,0.0,0.0,0.0,0.0,21.20582120582121,0.0,0.0,0.0,0.0,0.0,21.20582120582121,0.0,0.0,0.0,0.0,0
2.862376917792535,22.67080745341615,17.19670200235571,0.0,0.0,0.0,1.0843587842846554,2.9736618521665252,15.265866209262436,0.0,0.0,0.0,0.0,8.387096774193548,0.0,0.0,3.5110533159947983,0.0,0.0,0.0,0.0,0.0,0.0,0.0,0.0,0
0.0,60.14492753623188,0.0,0.0,0.0,0.0,0.9882876204595997,0.9345794392523366,0.8576329331046311,0.0,0.0,0.0,0.0,0.0,0.0,0.0,0.0,0.0,0.0,0.0,0.0,0.0,0.0,0.0,0.0,0
0.0,24.22360248447205,0.0,2.1394064872325744,0.0,0.0,0.8169014084507044,5.607476635514018,3.8593481989708405,16.666666666666668,0.0,0.0,0.0,0.0,0.0,32.0,8.322496749024706,0.0,0.0,9.60960960960961,0.0,0.0,0.0,0.0,14.19141914191419,1
0.0,0.0,0.0,0.0,33.238095238095234,0.0,2.0756115641215716,8.920985556499575,12.60720411663808,0.0,0.0,9.251101321585903,0.0,0.0,8.731808731808732,0.0,5.461638491547464,0.0,0.0,0.0,8.731808731808732,19.21921921921922,0.0,0.0,23.432343234323433,1
0.0,0.0,0.0,11.847250977685762,9.80952380952381,0.0,0.6048925129725723,1.0195412064570943,1.4579759862778732,33.85416666666667,0.0,0.0,0.0,0.0,0.0,32.5,16.905071521456435,34.031413612565444,0.0,0.0,0.0,0.0,12.795275590551181,12.795275590551181,35.863586358635864,1
0.0,1.9151138716356109,0.0,1.7023234414538766,0.0,0.0,1.1575982209043736,3.3135089209855564,7.0325900514579756,24.47916666666667,0.0,0.0,12.25296442687747,0.0,13.097713097713099,0.0,16.38491547464239,0.0,0.0,0.0,13.097713097713099,0.0,0.0,0.0,13.861386138613861,0
0.0,3.7784679089026914,0.0,13.549574419139638,27.999999999999996,0.0,1.4381022979985172,3.9932030586236196,5.546026300743282,38.020833333333336,0.0,10.572687224669602,0.0,0.0,20.16632016632017,24.0,0.0,0.0,0.0,7.207207207207207,20.16632016632017,0.0,4.724409448818897,4.724409448818897,21.45214521452145,1
0.0,0.0,0.0,5.291005291005291,21.904761904761905,0.0,1.6421052631578945,3.4834324553950724,2.058319039451115,0.0,0.0,0.0,0.0,0.0,0.0,0.0,0.0,0.0,0.0,0.0,0.0,0.0,12.598425196850393,12.598425196850393,42.24422442244224,1
0.0,30.43478260869565,0.0,0.0,0.0,0.0,0.9438102297998517,4.672897196261682,5.460263007432819,0.0,0.0,0.0,0.0,0.0,0.0,0.0,8.192457737321195,0.0,0.0,0.0,0.0,4.654654654654655,0.0,0.0,3.4103410341034106,0
0.1144950767117014,11.024844720496896,0.23557126030624262,0.7131354957441914,3.714285714285714,0.06093381064818341,0.6659747961452928,4.587935429056924,85.84905660377359,1.0416666666666667,2.127659574468085,0.0,1.58102766798419,2.5806451612903225,1.6632016632016633,0.0,5.331599479843954,3.141361256544503,0.0,0.0,1.6632016632016633,2.2522522522522523,0.0,0.0,3.740374037403741,0
0.0,0.0,0.0,0.0,0.0,0.0,0.5337286879169756,0.4248088360237892,0.25728987993138935,0.0,0.0,0.0,0.0,0.0,0.0,0.0,0.0,0.0,0.0,0.0,0.0,0.0,0.0,0.0,0.0,0
0.0,0.0,0.0,0.0,19.142857142857142,0.0,1.3343217197924389,2.1240441801189465,1.5437392795883362,0.0,0.0,0.0,0.0,0.0,0.0,0.0,17.035110533159948,0.0,0.0,19.66966966966967,0.0,0.0,0.0,0.0,57.86578657865787,1
0.0,21.58385093167702,0.0,4.78490913273522,59.61904761904762,0.0,1.2056338028169014,1.4443500424808835,1.7438536306460835,0.0,0.0,0.0,0.0,0.0,0.0,0.0,0.0,0.0,0.0,0.0,0.0,0.0,0.0,0.0,0.0,1
0.0,7.091097308488612,0.0,1.5642972164711297,0.0,0.0,0.6766493699036323,1.7841971112999149,2.5443110348770728,10.416666666666668,0.0,0.0,0.0,0.0,0.0,0.0,26.527958387516254,0.0,0.0,0.0,0.0,0.0,0.0,0.0,8.910891089108912,0
0.0,0.0,0.0,0.0,0.0,19.171300175184705,1.982209043736101,5.097706032285472,6.689536878216123,37.5,0.0,7.929515418502203,0.0,0.0,29.93762993762994,36.0,4.6814044213263974,18.848167539267017,0.0,0.0,29.93762993762994,0.0,0.0,0.0,23.872387238723874,1
0.0,0.0,0.0,0.0,0.0,0.0,1.0541141586360268,1.5293118096856415,1.8296169239565467,0.0,0.0,0.0,0.0,0.0,0.0,0.0,0.0,0.0,0.0,0.0,0.0,0.0,0.0,0.0,0.0,0
0.0,6.004140786749482,0.0,37.589141936968026,14.761904761904761,0.0,1.178650852483321,3.9932030586236196,13.865065751858205,6.25,39.361702127659576,5.286343612334801,29.24901185770751,15.483870967741934,4.98960498960499,12.0,15.99479843953186,0.0,0.0,11.11111111111111,4.98960498960499,0.0,0.0,0.0,27.172717271727173,1
0.0,3.7784679089026914,0.0,8.350586611456176,50.95238095238094,1.0054078756950262,1.8297998517420313,13.508920985556502,79.2166952544311,3.645833333333334,9.042553191489363,1.1013215859030836,5.533596837944665,29.677419354838708,10.810810810810812,15.5,11.573472041612483,20.942408376963353,24.369747899159663,7.807807807807808,10.810810810810812,1.6516516516516515,1.0826771653543308,1.0826771653543308,12.101210121012105,1
0.0,2.7950310559006213,0.0,3.7727168161950773,5.142857142857143,0.0,0.4954781319495922,0.33984706881903143,3.2018296169239564,50.0,0.0,0.0,0.0,0.0,13.305613305613306,48.0,16.644993498049413,0.0,0.0,0.0,13.305613305613306,4.804804804804805,9.448818897637794,9.448818897637794,7.040704070407042,1
0.0,2.743271221532091,0.0,12.215320910973087,0.0,0.0,1.2859896219421794,10.2803738317757,9.548313321898227,8.333333333333334,0.0,0.0,0.0,0.0,0.0,0.0,8.322496749024706,0.0,0.0,0.0,0.0,19.36936936936937,3.149606299212598,3.149606299212598,14.19141914191419,1
0.0,29.140786749482405,0.0,0.0,0.0,0.0,1.0588584136397332,0.9345794392523366,2.144082332761578,0.0,0.0,0.0,0.0,0.0,21.82952182952183,0.0,0.0,0.0,0.0,0.0,21.82952182952183,0.0,0.0,0.0,0.0,0
0.0,0.0,0.0,0.0,0.0,0.0,0.34573758339510746,0.16992353440951571,0.20011435105774728,0.0,0.0,0.0,0.0,0.0,0.0,0.0,0.0,0.0,0.0,0.0,0.0,0.0,0.0,0.0,0.0,0
0.0,0.0,0.0,0.0,0.0,0.0,0.5930318754633062,0.2548853016142736,0.11435105774728417,0.0,0.0,0.0,0.0,0.0,0.0,0.0,0.0,0.0,0.0,0.0,0.0,0.0,0.0,0.0,0.0,0
0.0,0.0,0.0,27.145157579940193,24.0,0.0,1.5783543365455892,5.777400169923534,5.174385363064609,14.0625,0.0,23.788546255506606,0.0,0.0,0.0,0.0,7.022106631989597,0.0,0.0,0.0,0.0,0.0,5.31496062992126,5.31496062992126,11.881188118811881,1
0.0,0.0,0.0,0.0,0.0,0.0,0.32705707931801326,0.2548853016142736,0.9148084619782734,0.0,0.0,0.0,0.0,0.0,0.0,0.0,0.0,0.0,0.0,0.0,0.0,0.0,0.0,0.0,7.040704070407042,1
0.0,0.0,0.0,2.829537612146308,0.0,0.0,0.6114158636026686,1.0195412064570943,2.8301886792452833,9.895833333333334,20.21276595744681,8.370044052863436,15.019762845849803,0.0,0.0,19.0,0.0,0.0,0.0,5.7057057057057055,0.0,0.0,3.7401574803149606,3.7401574803149606,21.232123212321234,1
0.0,0.0,0.0,0.0,0.0,0.0,0.2965159377316531,0.08496176720475786,0.1429388221841052,0.0,0.0,0.0,0.0,0.0,0.0,0.0,0.0,0.0,0.0,0.0,0.0,0.0,0.0,0.0,100.0,0
0.0,8.436853002070395,0.0,11.272141706924318,0.0,0.0,0.6300963676797627,0.594732370433305,0.9719839908519154,0.0,0.0,0.0,0.0,0.0,0.0,0.0,0.0,0.0,0.0,17.417417417417415,0.0,0.0,0.0,0.0,12.76127612761276,0
0.0,0.0,0.0,25.8339084426041,0.0,0.0,0.770941438102298,1.3593882752761257,0.743281875357347,0.0,0.0,0.0,0.0,0.0,0.0,0.0,0.0,0.0,0.0,0.0,0.0,0.0,0.0,0.0,0.0,0
0.0,6.211180124223603,0.0,5.544053370140327,0.0,0.0,1.0499629355077835,2.2090059473237043,2.4299599771297884,0.0,0.0,0.0,0.0,0.0,0.0,0.0,59.55786736020806,0.0,0.0,0.0,0.0,0.0,0.0,0.0,10.011001100110011,0
0.0,0.0,0.0,20.611916264090176,0.0,0.0,1.6421052631578945,4.927782497875956,2.058319039451115,0.0,0.0,0.0,0.0,0.0,0.0,0.0,0.0,0.0,0.0,0.0,0.0,73.12312312312312,23.91732283464567,23.91732283464567,26.732673267326735,1
0.0,0.0,0.0,12.606395215090867,18.95238095238095,0.25135196892375655,4.235137138621201,58.198810535259135,43.281875357347054,0.0,32.97872340425532,0.0,24.50592885375494,40.0,19.334719334719335,0.0,8.062418725617684,16.230366492146597,0.0,10.81081081081081,19.334719334719335,23.423423423423422,0.0,0.0,9.13091309130913,1
0.0,0.0,0.0,100.0,0.0,0.0,0.8895478131949592,0.594732370433305,0.25728987993138935,0.0,0.0,0.0,0.0,0.0,0.0,0.0,0.0,0.0,0.0,0.0,0.0,0.0,0.0,0.0,0.0,1
0.0,3.5196687370600417,0.0,7.61444674488153,75.23809523809524,1.2110594866326452,1.800741289844329,16.397621070518266,86.99256718124643,1.822916666666667,6.914893617021277,1.1013215859030836,10.276679841897234,28.387096774193548,15.8004158004158,13.0,12.613784135240572,29.84293193717277,26.470588235294123,5.105105105105105,15.8004158004158,0.0,2.559055118110236,2.559055118110236,16.17161716171617,1
0.0,0.0,0.0,0.0,0.0,0.0,0.2965159377316531,0.08496176720475786,0.11435105774728417,0.0,0.0,0.0,0.0,0.0,0.0,0.0,0.0,0.0,0.0,0.0,0.0,0.0,0.0,0.0,0.0,0
0.0,12.991718426501036,0.0,0.0,0.0,0.5407875695026277,0.6167531504818384,0.9345794392523366,4.459691252144082,4.947916666666667,10.106382978723405,0.0,0.0,24.516129032258064,3.95010395010395,0.0,30.169050715214563,0.0,0.0,0.0,3.95010395010395,0.0,1.8700787401574803,1.8700787401574803,12.76127612761276,0
0.0,3.8302277432712217,0.0,0.0,0.0,0.0,0.6671608598962194,1.0195412064570943,4.11663807890223,46.35416666666667,23.404255319148938,0.0,0.0,0.0,0.0,0.0,5.721716514954486,0.0,0.0,0.0,0.0,0.0,13.090551181102363,13.090551181102363,49.064906490649065,1
0.4121822761621251,3.8302277432712217,0.0,1.2652403956751783,0.0,0.13710107395841267,0.9132690882134915,5.3525913338997455,11.978273299028016,0.0,0.0,0.0,0.0,0.0,0.0,6.0,4.94148244473342,0.0,0.0,0.0,0.0,0.0,0.0,0.0,5.6105610561056105,0
0.0,0.0,0.0,2.5304807913503566,0.0,0.0,0.9423276501111935,5.267629566694987,2.5443110348770728,0.0,0.0,22.026431718061673,0.0,0.0,0.0,0.0,13.003901170351105,0.0,0.0,0.0,0.0,0.0,0.0,0.0,22.002200220022,1
0.0,0.0,0.0,0.0,0.0,0.0,1.2382505559673833,4.672897196261682,2.029731275014294,0.0,0.0,0.0,0.0,0.0,0.0,0.0,0.0,0.0,0.0,0.0,0.0,18.76876876876877,12.303149606299211,12.303149606299211,13.751375137513751,0
0.0,0.0,0.0,0.0,0.0,0.0,0.2965159377316531,0.08496176720475786,0.1429388221841052,0.0,0.0,0.0,0.0,0.0,0.0,0.0,0.0,0.0,0.0,0.0,0.0,0.0,0.0,0.0,0.0,0
2.8394779024501946,0.0,7.302709069493521,1.4262709914883829,0.0,0.0,0.41927353595255745,1.1045029736618521,3.316180674671241,9.375,0.0,0.0,0.0,0.0,0.0,0.0,9.362808842652795,0.0,0.0,0.0,0.0,0.0,0.0,0.0,0.0,0
0.0,2.4327122153209113,0.0,0.0,2.9523809523809526,0.0,0.531653076352854,1.0195412064570943,11.177815894797027,2.604166666666667,11.17021276595745,0.0,3.9525691699604746,0.0,0.0,0.0,15.474642392717815,0.0,0.0,0.0,0.0,0.0,0.0,0.0,0.0,0
0.0,7.039337474120083,0.0,0.0,0.0,0.0,1.287175685693106,3.9082412914188613,5.0886220697541455,0.0,0.0,0.0,0.0,0.0,0.0,0.0,0.0,0.0,0.0,0.0,0.0,0.0,0.0,0.0,0.0,0
0.0,0.0,0.0,0.0,0.0,0.0,0.4447739065974796,0.2548853016142736,0.17152658662092624,0.0,0.0,0.0,0.0,0.0,0.0,0.0,0.0,0.0,0.0,0.0,0.0,0.0,0.0,0.0,0.0,0
0.0,5.900621118012423,0.0,5.544053370140327,21.714285714285715,0.09140071597227512,1.940400296515938,58.028887000849615,41.909662664379645,10.677083333333336,30.319148936170212,10.79295154185022,12.64822134387352,41.935483870967744,10.187110187110187,12.0,15.99479843953186,8.37696335078534,0.0,2.4024024024024024,10.187110187110187,23.423423423423422,8.858267716535433,8.858267716535433,11.77117711771177,1
0.0,4.244306418219462,0.0,1.8863584080975386,0.0,0.0,0.37242401779095624,0.4248088360237892,2.801600914808462,5.989583333333334,12.23404255319149,0.0,0.0,0.0,0.0,0.0,0.0,0.0,0.0,0.0,0.0,0.0,2.263779527559055,2.263779527559055,2.5302530253025304,0
0.0,0.0,0.0,20.128824476650564,10.380952380952381,100.0,0.6167531504818384,1.0195412064570943,1.486563750714694,0.0,38.829787234042556,16.079295154185022,0.0,0.0,0.0,0.0,0.0,0.0,0.0,0.0,0.0,0.0,7.18503937007874,7.18503937007874,0.0,1
1.0991527364323335,10.041407867494824,3.769140164899882,0.0,3.0476190476190474,0.0,0.9710896960711638,2.803738317757009,14.608347627215553,5.989583333333334,5.851063829787234,0.0,0.0,74.19354838709677,0.0,0.0,4.421326397919375,0.0,0.0,0.0,0.0,0.0,1.0826771653543308,1.0826771653543308,2.5302530253025304,0
0.0,3.7267080745341623,0.0,0.0,0.0,0.0,0.44062268346923644,0.8496176720475784,1.5723270440251573,27.34375,0.0,0.0,0.0,0.0,0.0,0.0,0.0,0.0,0.0,0.0,0.0,0.0,0.0,0.0,0.0,0
0.0,0.0,0.0,18.449505406027146,10.857142857142858,0.0,0.7492957746478872,1.6992353440951569,3.973699256718125,17.447916666666668,0.0,0.0,0.0,0.0,13.92931392931393,0.0,0.0,0.0,0.0,0.0,13.92931392931393,10.06006006006006,0.0,0.0,0.0,1
0.0,0.0,0.0,0.0,0.0,0.0,0.42342475908080063,0.2548853016142736,0.5717552887364208,0.0,0.0,0.0,0.0,0.0,0.0,0.0,0.0,0.0,0.0,0.0,0.0,0.0,0.0,0.0,11.001100110011,0
0.0,4.761904761904762,0.0,0.0,0.0,0.0,0.5455893254262416,0.4248088360237892,1.3150371640937677,0.0,0.0,0.0,0.0,0.0,0.0,0.0,0.0,0.0,0.0,0.0,0.0,0.0,0.0,0.0,6.050605060506053,0
0.36638424547744447,7.6604554865424435,0.0,0.759144237405107,1.5238095238095237,0.0,0.6096367679762787,5.522514868309261,10.405946255002856,15.625,0.0,0.0,0.0,0.0,0.0,0.0,1.5604681404421326,6.282722513089006,0.0,0.0,0.0,0.0,0.0,0.0,5.28052805280528,0
0.0,10.300207039337474,0.0,0.0,0.0,0.0,1.0028169014084507,4.502973661852167,4.545454545454546,0.0,0.0,0.0,0.0,0.0,37.629937629937636,0.0,5.851755526657997,0.0,0.0,0.0,37.629937629937636,27.177177177177178,0.0,0.0,34.98349834983498,0
0.0,0.0,0.0,0.0,0.0,0.0,0.42342475908080063,0.16992353440951571,0.2858776443682104,0.0,0.0,0.0,0.0,0.0,0.0,0.0,16.644993498049413,0.0,0.0,0.0,0.0,0.0,0.0,0.0,0.0,0
1.8319212273872223,0.0,0.0,6.487232574189096,23.047619047619047,0.0,0.7294292068198664,2.2090059473237043,7.94739851343625,22.13541666666667,0.0,0.0,0.0,18.06451612903226,0.0,28.499999999999996,3.6410923276983103,0.0,0.0,0.0,0.0,8.558558558558557,8.366141732283465,8.366141732283465,9.350935093509351,0
4.740096175864438,10.714285714285714,0.0,0.0,0.0,0.0,0.4346923647146033,0.33984706881903143,0.6289308176100629,0.0,0.0,0.0,0.0,0.0,0.0,0.0,30.169050715214563,0.0,0.0,0.0,0.0,0.0,0.0,0.0,0.0,0
0.0,4.968944099378882,0.0,0.0,0.0,0.0,0.34099332839140106,0.33984706881903143,1.3150371640937677,0.0,0.0,0.0,0.0,0.0,0.0,0.0,0.0,0.0,0.0,0.0,0.0,0.0,0.0,0.0,12.32123212321232,0
0.0,10.093167701863354,0.0,19.43869335173683,18.57142857142857,0.0,2.1363973313565605,3.9932030586236196,8.033161806746712,0.0,0.0,10.79295154185022,0.0,0.0,0.0,0.0,25.747724317295187,0.0,0.0,0.0,0.0,7.357357357357357,4.822834645669292,4.822834645669292,10.891089108910892,1
4.030226700251889,9.109730848861284,0.0,0.0,0.0,0.0,0.43765752409192,0.594732370433305,0.8862206975414523,0.0,0.0,0.0,0.0,0.0,0.0,0.0,15.084525357607282,0.0,0.0,0.0,0.0,0.0,0.0,0.0,0.0,0
0.0,4.140786749482402,0.0,7.108350586611457,9.80952380952381,0.0,1.459747961452928,9.940526762956669,37.02115494568325,9.114583333333334,37.765957446808514,12.555066079295152,5.533596837944665,73.54838709677418,10.395010395010395,3.5000000000000004,4.551365409622886,10.99476439790576,0.0,3.153153153153153,10.395010395010395,17.117117117117115,1.377952755905512,1.377952755905512,12.541254125412541,1
0.0,3.1573498964803317,0.0,2.829537612146308,26.476190476190478,0.22850178993068776,1.1190511489992587,3.9082412914188613,7.661520869068039,26.302083333333336,0.0,0.0,0.0,0.0,3.3264033264033266,8.0,21.976592977893368,26.17801047120419,0.0,12.612612612612612,3.3264033264033266,2.4024024024024024,3.248031496062992,3.248031496062992,14.851485148514852,1
0.0,0.0,0.0,6.3031976075454335,0.0,0.0,3.2720533728687915,9.345794392523365,8.833619210977702,0.0,0.0,16.740088105726873,0.0,0.0,0.0,0.0,0.0,39.79057591623037,0.0,0.0,0.0,0.0,0.0,0.0,0.0,1
6.938401648729105,15.683229813664598,0.0,0.0,0.0,0.0,0.4744255003706449,0.7646559048428208,0.6861063464837049,0.0,0.0,0.0,0.0,0.0,0.0,0.0,50.97529258777633,0.0,0.0,0.0,0.0,0.0,0.0,0.0,0.0,0
0.0,0.0,0.0,10.996089256958824,0.0,0.0,0.8504077094143809,3.738317757009346,5.0028587764436825,12.760416666666668,0.0,0.0,9.486166007905139,0.0,4.98960498960499,12.0,6.371911573472041,0.0,0.0,0.0,4.98960498960499,0.0,9.744094488188976,9.744094488188976,8.140814081408141,1
0.0,0.0,0.0,0.0,0.0,0.0,0.493995552260934,0.33984706881903143,0.42881646655231553,0.0,0.0,0.0,0.0,0.0,0.0,0.0,59.03771131339401,0.0,0.0,0.0,0.0,0.0,0.0,0.0,0.0,0
0.0,3.002070393374741,0.0,0.0,0.0,0.0,0.34188287620459606,0.2548853016142736,0.42881646655231553,0.0,0.0,0.0,0.0,0.0,0.0,0.0,4.291287386215864,0.0,0.0,0.0,0.0,0.0,0.0,0.0,29.042904290429043,0
0.0,19.40993788819876,61.83745583038868,5.175983436853003,0.0,0.0,1.4547071905114906,3.3135089209855564,6.032018296169238,0.0,0.0,0.0,0.0,0.0,0.0,0.0,0.0,0.0,0.0,0.0,0.0,0.0,0.0,0.0,0.0,1
0.0,3.3126293995859215,0.0,19.392684610075914,12.285714285714285,0.48747048518546726,1.7405485544848036,3.5683942225998297,10.405946255002856,10.15625,0.0,0.0,0.0,0.0,16.216216216216218,39.0,10.143042912873861,0.0,0.0,0.0,16.216216216216218,0.0,34.84251968503937,34.84251968503937,12.981298129812982,1
0.0,3.1055900621118013,0.0,2.7605244996549345,51.523809523809526,0.0,1.6094885100074128,1.7841971112999149,8.690680388793597,17.1875,35.1063829787234,0.0,0.0,0.0,0.0,0.0,4.291287386215864,34.55497382198953,0.0,4.954954954954955,0.0,0.0,6.496062992125984,6.496062992125984,3.6303630363036303,1
4.350812915044653,0.0,0.0,32.87324591672418,9.047619047619047,0.0,0.8483320978502595,3.058623619371283,5.317324185248713,0.0,0.0,0.0,0.0,0.0,0.0,27.500000000000004,0.0,58.115183246073315,0.0,0.0,0.0,0.0,32.97244094488189,32.97244094488189,12.211221122112214,1
0.0,0.0,0.0,0.0,0.0,0.0,0.5337286879169756,0.4248088360237892,0.25728987993138935,0.0,0.0,0.0,0.0,0.0,0.0,0.0,0.0,0.0,0.0,0.0,0.0,0.0,0.0,0.0,0.0,0
0.0,0.0,0.0,22.291235334713598,0.0,0.0,0.6461082283172721,1.5293118096856415,2.4299599771297884,0.0,0.0,0.0,80.63241106719369,0.0,0.0,51.0,0.0,0.0,0.0,0.0,0.0,0.0,0.0,0.0,11.221122112211221,1
0.0,49.48240165631469,0.0,0.0,0.0,0.0,1.0674573758339512,0.9345794392523366,1.0291595197255574,0.0,0.0,0.0,0.0,0.0,0.0,0.0,0.0,0.0,0.0,0.0,0.0,0.0,0.0,0.0,0.0,0
0.0,0.0,0.0,0.0,0.0,0.0,0.43884358784284655,0.5097706032285472,1.0577472841623785,0.0,0.0,0.0,0.0,0.0,0.0,0.0,0.0,0.0,0.0,0.0,0.0,0.0,0.0,0.0,0.0,0
2.564689718342111,10.455486542443063,7.891637220259128,0.0,1.333333333333333,0.0,0.9242401779095626,4.4180118946474085,37.24985706117781,0.0,2.659574468085106,0.0,1.9762845849802373,30.32258064516129,0.0,0.0,1.9505851755526658,0.0,0.0,0.0,0.0,0.7507507507507508,0.0,0.0,1.6501650165016502,0
0.0,0.0,0.0,3.5196687370600417,0.0,0.0,0.5731653076352854,0.594732370433305,1.6580903373356204,0.0,0.0,0.0,0.0,0.0,0.0,0.0,47.20416124837451,0.0,0.0,0.0,0.0,0.0,0.0,0.0,0.0,0
0.0,0.0,0.0,0.0,16.285714285714285,0.0,0.7685693106004448,2.7187765505522514,2.0011435105774726,0.0,28.723404255319153,35.903083700440526,0.0,0.0,0.0,27.0,7.022106631989597,0.0,0.0,0.0,0.0,8.108108108108109,5.31496062992126,5.31496062992126,23.982398239823986,1
